SP_ENTITY_NAME,SP_ENTITY_ID,SP_CIQ_ID,IQ_TOTAL_REV_Y,IQ_TOTAL_REV_Q,IQ_TOTAL_REV_FY2025,IQ_TOTAL_REV_FQ12026,IQ_TOTAL_REV_FQ42025,IQ_TOTAL_REV_FQ32025,IQ_TOTAL_ASSETS_Y,IQ_TOTAL_ASSETS_Q,IQ_TOTAL_ASSETS_FY2025,IQ_TOTAL_ASSETS_FQ12026,IQ_TOTAL_ASSETS_FQ42025,IQ_TOTAL_ASSETS_FQ32025,IQ_TOTAL_LIAB_Y,IQ_TOTAL_LIAB_Q,IQ_TOTAL_LIAB_FY2025,IQ_TOTAL_LIAB_FQ12026,IQ_TOTAL_LIAB_FQ42025,IQ_TOTAL_LIAB_FQ32025,IQ_TOTAL_LIAB_TOTAL_ASSETS_Y,IQ_TOTAL_LIAB_TOTAL_ASSETS_Q,IQ_TOTAL_LIAB_TOTAL_ASSETS_FY2025,IQ_TOTAL_LIAB_TOTAL_ASSETS_FQ12026,IQ_TOTAL_LIAB_TOTAL_ASSETS_FQ42025,IQ_TOTAL_LIAB_TOTAL_ASSETS_FQ32025,SP_CURRENT_ASSETS_Y,SP_CURRENT_ASSETS_Q,SP_CURRENT_ASSETS_FY2025,SP_CURRENT_ASSETS_FQ12026,SP_CURRENT_ASSETS_FQ42025,SP_CURRENT_ASSETS_FQ32025,IQ_TOTAL_CL_Y,IQ_TOTAL_CL_Q,IQ_TOTAL_CL_FY2025,IQ_TOTAL_CL_FQ12026,IQ_TOTAL_CL_FQ42025,IQ_TOTAL_CL_FQ32025,IQ_TOTAL_DEBT_Y,IQ_TOTAL_DEBT_Q,IQ_TOTAL_DEBT_FY2025,IQ_TOTAL_DEBT_FQ12026,IQ_TOTAL_DEBT_FQ42025,IQ_TOTAL_DEBT_FQ32025,IQ_TOTAL_EQUITY_Y,IQ_TOTAL_EQUITY_Q,IQ_TOTAL_EQUITY_FY2025,IQ_TOTAL_EQUITY_FQ12026,IQ_TOTAL_EQUITY_FQ42025,IQ_TOTAL_EQUITY_FQ32025,IQ_CURRENT_RATIO_Y,IQ_CURRENT_RATIO_Q,IQ_CURRENT_RATIO_FY2025,IQ_CURRENT_RATIO_FQ12026,IQ_CURRENT_RATIO_FQ42025,IQ_CURRENT_RATIO_FQ32025,IQ_QUICK_RATIO_Y,IQ_QUICK_RATIO_Q,IQ_QUICK_RATIO_FY2025,IQ_QUICK_RATIO_FQ12026,IQ_QUICK_RATIO_FQ42025,IQ_QUICK_RATIO_FQ32025,IQ_CASH_EQUIV_Y,IQ_CASH_EQUIV_Q,IQ_CASH_EQUIV_FY2025,IQ_CASH_EQUIV_FQ12026,IQ_CASH_EQUIV_FQ42025,IQ_CASH_EQUIV_FQ32025,IQ_RETAINED_EARNINGS_Y,IQ_RETAINED_EARNINGS_Q,IQ_RETAINED_EARNINGS_FY2025,IQ_RETAINED_EARNINGS_FQ12026,IQ_RETAINED_EARNINGS_FQ42025,IQ_RETAINED_EARNINGS_FQ32025,IQ_EBIT_Y,IQ_EBIT_Q,IQ_EBIT_FY2025,IQ_EBIT_FQ12026,IQ_EBIT_FQ42025,IQ_EBIT_FQ32025,IQ_AR_RE_Y,IQ_AR_RE_Q,IQ_AR_RE_FY2025,IQ_AR_RE_FQ12026,IQ_AR_RE_FQ42025,IQ_AR_RE_FQ32025,IQ_TOTAL_RECEIV_Y,IQ_TOTAL_RECEIV_Q,IQ_TOTAL_RECEIV_FY2025,IQ_TOTAL_RECEIV_FQ12026,IQ_TOTAL_RECEIV_FQ42025,IQ_TOTAL_RECEIV_FQ32025,IQ_OPER_INC_RE_Y,IQ_OPER_INC_RE_Q,IQ_OPER_INC_RE_FY2025,IQ_OPER_INC_RE_FQ12026,IQ_OPER_INC_RE_FQ42025,IQ_OPER_INC_RE_FQ32025,IQ_NET_INC_PARENT_Y,IQ_NET_INC_PARENT_Q,IQ_NET_INC_PARENT_FY2025,IQ_NET_INC_PARENT_FQ12026,IQ_NET_INC_PARENT_FQ42025,IQ_NET_INC_PARENT_FQ32025,IQ_GP_Y,IQ_GP_Q,IQ_GP_FY2025,IQ_GP_FQ12026,IQ_GP_FQ42025,IQ_GP_FQ32025,IQ_WORKING_CAP_Y,IQ_WORKING_CAP_Q,IQ_WORKING_CAP_FY2025,IQ_WORKING_CAP_FQ12026,IQ_WORKING_CAP_FQ42025,IQ_WORKING_CAP_FQ32025,SP_MARKETCAP_Current,SP_PRICE_OPEN_Current,SP_PRICE_HIGH_Current,SP_PRICE_LOW_Current,SP_HEADCOUNT_LATEST,SP_HEADCOUNT_GROWTHRATE_2026,SP_HEADCOUNT_GROWTHRATE_2026,SP_HEADCOUNT_GROWTHRATE_2026,IQ_TOTAL_EMPLOYEES_Y,IQ_TOTAL_EMPLOYEES_Q,IQ_TOTAL_EMPLOYEES_FY2025,IQ_TOTAL_EMPLOYEES_FQ12026,IQ_TOTAL_EMPLOYEES_FQ42025,IQ_TOTAL_EMPLOYEES_FQ32025,REG_CEO_CHANGE_MRY,REG_CEO_CHANGE_MRQ,REG_CEO_CHANGE_2025Y,REG_CEO_CHANGE_2026Q1,REG_CEO_CHANGE_2025Q4,REG_CEO_CHANGE_2025Q3,IQ_AUDITOR_NAME_Y,IQ_AUDITOR_NAME_Q,IQ_AUDITOR_NAME_FY2025,IQ_AUDITOR_NAME_FQ12026,IQ_AUDITOR_NAME_FQ42025,IQ_AUDITOR_NAME_FQ32025,SP_FITCH_LT_CREDIT_RATING,SP_FITCH_LT_RATING_EFFECTIVE_ DATE,SP_FITCH_LT_RATING_CREDIT_WATCH_OUTLOOK,RD_CREDIT_RATING_GLOBAL_Issuer Credit Rating,RD_CREDIT_RATING_DATE_GLOBAL_Issuer Credit Rating,RD_CWOL_GLOBAL_Issuer Credit Rating,RD_CREDIT_WATCH_OUTLOOK_DATE_GLOBAL_Issuer Credit Rating,IQ_EBITDA_Y,IQ_EBITDA_Q,IQ_EBITDA_FY2025,IQ_EBITDA_FQ12026,IQ_EBITDA_FQ42025,IQ_EBITDA_FQ32025
"Public Policy Holding Company, Inc. (AIM:PPHC)",100482189,IQ1685513708,186541,49855,186541,,49855,48787,202552,202552,202552,,202552,204584,127648,127648,127648,,127648,123071,63.02,63.02,63.02,,63.02,60.157,58554,58554,58554,,58554,49211,52856,52856,52856,,52856,50411,68527,68527,68527,,68527,70247,74904,74904,74904,,74904,81513,1.108,1.108,1.108,,1.108,0.976,0.844,0.844,0.844,,0.844,0.737,20436,20436,20436,,20436,11145,-163381,-163381,-163381,,-163381,-146621,-18820,-7470,-18820,,-7470,-3504,,,,,,,24935,24935,24935,,24935,26356,,,,,,,-39001,-15215,-39001,,-15215,-7440,18647,-3030,18647,,-3030,6729,5698,5698,5698,,5698,-1200,397.599811923966,13.55696651015,15.6688557655,8.86993487247,34,,,-3,450,450,450,,450,453,,,,,,,"Forvis Mazars, LLP","Forvis Mazars, LLP","Forvis Mazars, LLP",,"Forvis Mazars, LLP",,,,,,,,,-12582,-5864,-12582,,-5864,-1921.182
"Elvictor Group, Inc. (OTCPK:ELVG)",10701547,IQ567737140,2427.968,563.981,2427.968,,563.981,645.905,2034.54,2034.54,2034.54,,2034.54,1949.149,1677.466,1677.466,1677.466,,1677.466,1435.948,82.449,82.449,82.449,,82.449,73.671,979.167,979.167,979.167,,979.167,939.116,1492.125,1492.125,1492.125,,1492.125,1237.919,237.093,237.093,237.093,,237.093,249.106,357.074,357.074,357.074,,357.074,513.201,0.656,0.656,0.656,,0.656,0.759,0.618,0.618,0.618,,0.618,0.7,490.974,490.974,490.974,,490.974,246.275,-44838.405,-44838.405,-44838.405,,-44838.405,-44682.277,-209.738,-197.868,-209.738,,-197.868,4.752,,,,,,,430.636,430.636,430.636,,430.636,620.829,,,,,,,-175.719,-156.125,-175.719,,-156.125,7.476,1805.223,417.329,1805.223,,417.329,489.542,-512.958,-512.958,-512.958,,-512.958,-298.803,1.657828,,13.5,1.08,64,,,-2,25,25,25,,25,,,,,,,,Russell Bedford Stefanou Mirchandani LLP - RBSM LLP,Russell Bedford Stefanou Mirchandani LLP - RBSM LLP,Russell Bedford Stefanou Mirchandani LLP - RBSM LLP,,Russell Bedford Stefanou Mirchandani LLP - RBSM LLP,,,,,,,,,-201.017,-195.915,-201.017,,-195.915,6.856
"Winners, Inc. (OTCPK:WNRS)",11050419,IQ578308399,7.85,,7.85,,,,275.165,,275.165,,,,567.506,,567.506,,,,206.242,,206.242,,,,0.165,,0.165,,,,567.506,,567.506,,,,65,,65,,,,-292.341,,-292.341,,,,0,,0,,,,0,,0,,,,0.165,,0.165,,,,-2066.7,,-2066.7,,,,-884.87,,-884.87,,,,,,,,,,,,,,,,,,,,,,-886.322,,-886.322,,,,7.85,,7.85,,,,-567.341,,-567.341,,,,20.7150936941,0.0013,0.00505,0.00096,,,,,,,,,,,,,,,,,,,,,,,,,,,,,,,,,,,
"CBIZ, Inc. (NYSE:CBZ)",114008,IQ361972,2757991,848579,2757991,848579,542663,693818,4409528,4629960,4409528,4629960,4409528,4545144,2647461,2735784,2647461,2735784,2647461,2673345,60.04,59.089,60.04,59.089,60.04,58.818,899249,1069283,899249,1069283,899249,1005415,735594,655902,735594,655902,735594,641759,1832996,1992162,1832996,1992162,1832996,1960180,1762067,1894176,1762067,1894176,1762067,1871799,1.222,1.63,1.222,1.63,1.222,1.567,0.782,1.218,0.782,1.218,0.782,1.148,18290,28718,18290,28718,18290,16969,1011566,1173178,1011566,1173178,1011566,1090983,323110,216861,323110,216861,-40011,78541,,,,,,,555995,769442,555995,769442,555995,719554,,,,,,,115444,161612,115444,161612,-79417,30146,419693,246717,419693,246717,-29747,113329,163655,413381,163655,413381,163655,363656,1681.054857,32.14,77.91,24.29,5567,,,1,9500,,9500,,9500,,,,,,,,KPMG LLP - Klynveld Peat Marwick Goerdeler,,KPMG LLP - Klynveld Peat Marwick Goerdeler,,KPMG LLP - Klynveld Peat Marwick Goerdeler,,,,,,,,,421380,240611,421380,240611,-16054,102996
"Cannabinoid Biosciences, Inc. (OTCPK:PIFR)",13492132,IQ594641444,,,,,,,,,,,,,,,,,,,,,,,,,,,,,,,,,,,,,,,,,,,,,,,,,,,,,,,,,,,,,,,,,,,,,,,,,,,,,,,,,,,,,,,,,,,,,,,,,,,,,,,,,,,,,,,,,,,0.1405296,0.0024,0.004,0.0004,2,,,0,,,,,,,,,,,,,,,,,,,,,,,,,,,,,,,
"StemGen, Inc. (OTCEM:SGNI)",13535601,IQ595650463,39,,,,,,401.643,140.436,,,,,1735.657,1876.64,,,,,432.139,1336.296,,,,,1.343,22.869,,,,,1735.657,1876.64,,,,,812.273,828.023,,,,,-1334.014,-1736.204,,,,,0.001,0.012,,,,,0.001,0.012,,,,,1.343,22.869,,,,,-1091.42,-1494.61,,,,,-243.924,-172.222,,,,,,,,,,,,,,,,,,,,,,,-433.143,-185.774,,,,,8.546,-4.201,,,,,-1734.314,-1853.771,,,,,4.5671063,,0.0001,0.0001,0,,,,1,,,,,,,,,,,,PWR CPA LLP,,,,,,,,,,,,,-131.447,-154.089,,,,
"Green Globe International, Inc. (OTCPK:GGII)",19111126,IQ633310512,,,,,,,,,,,,,,,,,,,,,,,,,,,,,,,,,,,,,,,,,,,,,,,,,,,,,,,,,,,,,,,,,,,,,,,,,,,,,,,,,,,,,,,,,,,,,,,,,,,,,,,,,,,,,,,,,,,6.6623750898,0.0001,0.00025,1e-06,,,,,,,,,,,,,,,,,,,,,,,,,,,,,,,,,,,
Futuris Company (OTCEM:FTRS),23888681,IQ683058045,40903.268,,,,,,51132.173,,,,,,43787.97,,,,,,85.637,,,,,,10639.769,,,,,,43787.97,,,,,,16709.099,,,,,,7344.203,,,,,,0.243,,,,,,0.196,,,,,,874.426,,,,,,4587.259,,,,,,3603.575,,,,,,,,,,,,7691.84,,,,,,,,,,,,2980.317,,,,,,10332.845,,,,,,-33148.201,,,,,,0.042657723,,0.0169,0.0005,7,,,0,168,,,,,,,,,,,,,,,,,,,,,,,,,3621.41,,,,,
BioLife Sciences Inc. (OTCEM:BLFE),25292559,IQ686751886,,,,,,,,1040.079,,,,,,1149.647,,,,,,110.535,,,,,,77.014,,,,,,1139.031,,,,,,397.995,,,,,,-109.568,,,,,,0.068,,,,,,0.014,,,,,,15.623,,,,,,-1857.809,,,,,,-122.803,,,,,,,,,,,,,,,,,,,,,,,,-132.047,,,,,,,,,,,,-1062.017,,,,,0.0048293638,,0.005587,1e-06,2,,,0,,,,,,,,,,,,,,,,,,,,,,,,,,,,,,,
Megado Minerals Limited (ASX:MEG),25675943,IQ688046377,,,,,,,6787.31590229213,6787.31590229213,6787.31590229213,,6787.31590229213,6730.30226820686,114.803228396556,114.803228396556,114.803228396556,,114.803228396556,113.838878224878,1.691,1.691,1.691,,1.691,1.691,2045.01734272668,,2045.01734272668,,2045.01734272668,2027.83914266134,114.803228396556,114.803228396556,114.803228396556,,114.803228396556,113.838878224878,0,0,0,,0,0,6672.51267389557,6672.51267389557,6672.51267389557,,6672.51267389557,6616.46338998199,17.813,17.813,17.813,,17.813,17.813,11.826,11.826,11.826,,11.826,11.826,1333.67395953893,1333.67395953893,1333.67395953893,,1333.67395953893,1322.47106281026,-12059.0601662705,-12059.0601662705,-12059.0601662705,,-12059.0601662705,-11957.7637401679,-771.976979880545,-170.677644686878,-771.976979880545,,-170.677644686878,-170.038653458165,,,,,,,23.995464249288,23.995464249288,23.995464249288,,23.995464249288,23.793901711444,,,,,,,-760.09377257318,-168.444345455658,-760.09377257318,,-168.444345455658,-167.813715360722,,,,,,,1930.21411433012,1930.21411433012,1930.21411433012,,1930.21411433012,1914.00026443646,9.3038074373896,0.012909703788,0.035143082534,0.007889263426,4,,,0,,,,,,,,,,,,,,,,,,,,,,,,,,,,,,,
"FiscalNote Holdings, Inc. (OTCPK:NOTE)",26676972,IQ697565304,95407,22203,95407,,22203,22429,255138,255138,255138,,255138,273866,193187,193187,193187,,193187,198368,75.719,75.719,75.719,,75.719,72.433,45550,45550,45550,,45550,49073,44426,44426,44426,,44426,48547,151080,151080,151080,,151080,154935,61951,61951,61951,,61951,75498,1.025,1.025,1.025,,1.025,1.011,0.875,0.875,0.875,,0.875,0.861,24319,24319,24319,,24319,26682,-872146,-872146,-872146,,-872146,-849275,-37126,-6198,-37126,,-6198,-9739,,,,,,,12543,12543,12543,,12543,10599,,,,,,,-65247,-22871,-65247,,-22871,-24855,74210,17712,74210,,17712,17655,1124,1124,1124,,1124,526,4.8852466,0.228,10.200408,0.11,399,,,-2,475,475,475,,475,412,,,,,,,McGladrey LLP - RSM  LLP,McGladrey LLP - RSM  LLP,McGladrey LLP - RSM  LLP,,McGladrey LLP - RSM  LLP,,,,,,,,,-28015,-4047,-28015,,-4047,-7546
"Labor Smart, Inc. (OTCPK:LTNC)",27839710,IQ706133528,,,,,,,,,,,,,,,,,,,,,,,,,,,,,,,,,,,,,,,,,,,,,,,,,,,,,,,,,,,,,,,,,,,,,,,,,,,,,,,,,,,,,,,,,,,,,,,,,,,,,,,,,,,,,,,,,,,5.9143188456,0.0002,0.0044,1e-06,,,,,,,,,,,,,,,,,,,,,,,,,,,,,,,,,,,
Zeta Global Holdings Corp. (NYSE:ZETA),28766501,IQ712701220,1304668,396304,1304668,396304,394638,337169,1503524,1447197,1503524,1447197,1503524,1150767,698935,566872,698935,566872,698935,461561,46.486,39.17,46.486,39.17,46.486,40.109,685783,649312,685783,649312,685783,689061,429481,314210,429481,314210,429481,228810,217742,218609,217742,218609,217742,208113,804589,880325,804589,880325,804589,689206,1.597,2.066,1.597,2.066,1.597,3.011,1.495,1.943,1.495,1.943,1.495,2.873,319764,288779,319764,288779,319764,385184,-1059817,-1073064,-1059817,-1073064,-1059817,-1066356,28805,-10421,28805,-10421,31637,15234,,,,,,,322391,321660,322391,321660,322391,272262,,,,,,,-31509,-13247,-31509,-13247,6539,-3634,791081,233858,791081,233858,234751,203945,256302,335102,256302,335102,256302,460251,4601.29568366,18.52,24.9,12.1,2444,,,10,3300,,3300,,3300,,,,,,,,Deloitte & Touche LLP,,Deloitte & Touche LLP,,Deloitte & Touche LLP,,,,,,,,,80274,13108,80274,13108,51395,32425
Legacy Education Inc. (NYSEAM:LGCY),28949127,IQ714783786,64168.025,19184.643,64168.025,19401.023,17950.235,18577.565,69205.138,73115.533,69205.138,72090.408,69205.138,67099.26,28161.618,27041.625,28161.618,28424.787,28161.618,27821.658,40.693,36.985,40.693,39.429,40.693,41.463,37053.027,41816.891,37053.027,40869.944,37053.027,35274.661,13780.773,14049.529,13780.773,14969.765,13780.773,13323.148,17676.245,15663.5,17676.245,16391.813,17676.245,17902.491,41043.52,46073.908,41043.52,43665.621,41043.52,39277.602,2.689,2.976,2.689,2.73,2.689,2.648,2.582,2.818,2.582,2.578,2.582,2.542,20316.357,21057.325,20316.357,20586.087,20316.357,17326.998,13757.702,17987.363,13757.702,15944.662,13757.702,12530.734,9986.326,2556.134,9986.326,2698.65,1990.26,3665.997,,,,,,,15258.811,18532.573,15258.811,18010.261,15258.811,16535.088,,,,,,,7534.232,2042.701,7534.232,2186.96,1226.968,2817.465,29921.072,8892.564,29921.072,9079.426,8504.058,8460.589,23272.254,27767.362,23272.254,25900.179,23272.254,21951.513,141.2665632,11,14.7,6.6101,49,,,0,354,,354,,354,,,,,,,,"L J Soldinger Associates, LLC",,"L J Soldinger Associates, LLC",,"L J Soldinger Associates, LLC",,,,,,,,,10428.044,2729.648,10428.044,2822.478,2114.931,3796.064
Grand Gallery Inc. (OTCPK:COSG),29251185,IQ718905744,6.408,19.281,,,,,43.344,23.503,,,,,41272.39,41284.946,,,,,95220.538,175658.197,,,,,43.344,23.503,,,,,41272.39,41284.946,,,,,40909.361,40939.096,,,,,-41229.046,-41261.443,,,,,0.001,0.001,,,,,0.001,0.001,,,,,43.344,23.503,,,,,-200755.594,-200806.742,,,,,-276.537,-51.148,,,,,,,,,,,,,,,,,,,,,,,4692.389,-51.148,,,,,-4797.974,7.713,,,,,-41229.046,-41261.443,,,,,0.0143540548,0.0626,4,0.0001,,,,,35,,,,,,,,,,,,Olayinka Oyebola & Co,,,,,,,,,,,,,3217.33,,,,,
"MSP Recovery, Inc. (OTCQB:MSPR)",29385072,IQ1673708436,18249,198,,,,198,1919083,1552130,,,,1552130,2047492,2396520,,,,2396520,106.691,154.402,,,,154.402,15474,4721,,,,4721,1265314,712221,,,,712221,794656,891810,,,,891810,-128409,-844390,,,,-844390,0.012,0.007,,,,0.007,0.011,0.004,,,,0.004,12328,1821,,,,1821,-446050,-878633,,,,-878633,-521592,-123753,,,,-123753,,,,,,,1299,1358,,,,1358,,,,,,,-360499,-167806,,,,-167806,8642,-53,,,,-53,-1249840,-707500,,,,-707500,0.5275594817,0.04,14.000004,0.0272,37,,,-10,78,,,,,,,,,,,,Deloitte & Touche LLP,,,,,,,,,,,,,-37239,-4988,,,,-4988
"H&R Block, Inc. (NYSE:HRB)",4001615,IQ276601,3760995,198865,3760995,203551,1111011,2277104,3263898,2930010,3263898,2621322,3263898,3245011,3175002,3753088,3175002,3172232,3175002,3437849,97.276,128.091,97.276,121.016,97.276,105.943,1162548,841778,1162548,564238,1162548,1246538,1298610,654829,1298610,739551,1298610,1589803,2025248,2935035,2025248,2246114,2025248,1919209,88896,-823078,88896,-550910,88896,-192838,0.895,1.285,0.895,0.763,0.895,0.784,0.806,1.072,0.806,0.596,0.806,0.708,983277,349194,983277,376410,983277,772946,12061,-904840,12061,-609299,12061,-236909,827970,-298879,827970,-207031,371279,978313,,,,,,,63621,352480,63621,64145,63621,352398,,,,,,,605773,-242166,605773,-165819,299439,722330,1674884,-141054,1674884,-70466,578082,1307712,-136062,186949,-136062,-175313,-136062,-343265,3939.69265704,31.12,64.6197,28.16,31924,,,1,4300,,4300,,4300,,,,,,,,Deloitte & Touche LLP,,Deloitte & Touche LLP,,Deloitte & Touche LLP,,,,,BBB,2008-07-31 09:59:09,Stable,2021-06-16 13:20:07,944797,-268878,944797,-178109,400859,1007534
Acacia Research Corporation (NASDAQGS:ACTG),4003311,IQ4058466,285232,50127,285232,,50127,59446,770956,770956,770956,,770956,768871,186924,186924,186924,,186924,192033,24.246,24.246,24.246,,24.246,24.976,450093,450093,450093,,450093,440637,49041,49041,49041,,49041,51047,105643,105643,105643,,105643,106699,584032,584032,584032,,584032,576838,9.178,9.178,9.178,,9.178,8.632,7.895,7.895,7.895,,7.895,7.696,306719,306719,306719,,306719,301780,-254104,-254104,-254104,,-254104,-257522,6409,-13085,6409,,-13085,-6426,,,,,,,41464,41464,41464,,41464,30533,,,,,,,21682,3418,21682,,3418,-2730,84480,6397,84480,,6397,12604,401052,401052,401052,,401052,389590,497.81342004,5.13,5.27,2.99,16,,,0,986,986,986,,986,,,,,,,,Grant Thornton,Grant Thornton,Grant Thornton,,Grant Thornton,,,,,,,,,51491,-2193,51491,,-2193,4842
Deluxe Corporation (NYSE:DLX),4006858,IQ266430,2133200,535220,2133200,,535220,540247,2863600,2863600,2863600,,2863600,2587398,2182900,2182900,2182900,,2182900,1923252,76.229,76.229,76.229,,76.229,74.332,665800,665800,665800,,665800,399193,643200,643200,643200,,643200,402444,1508800,1508800,1508800,,1508800,1502024,680700,680700,680700,,680700,664146,1.035,1.035,1.035,,1.035,0.992,0.397,0.397,0.397,,0.397,0.624,36900,36900,36900,,36900,25803,515900,515900,515900,,515900,517828,266100,60168,266100,,60168,80652,,,,,,,220100,220100,220100,,220100,226762,,,,,,,82100,11974,82100,,11974,33729,1131900,279515,1131900,,279515,291133,22600,22600,22600,,22600,-3251,1405.64113882,31.64,32.07,13.61,2592,,,-1,4571,4571,4571,,4571,,,,,,,,PricewaterhouseCoopers LLP,PricewaterhouseCoopers LLP,PricewaterhouseCoopers LLP,,PricewaterhouseCoopers LLP,,,,,B+,2025-11-20 13:02:06,Stable,2025-11-20 13:02:06,404000,97060,404000,,97060,112904
"Prism Technologies Group, Inc. (OTCEM:PRZM)",4048576,IQ156852,,,,,,,16919,273,,,,,17431,3899,,,,,103.026,1428.205,,,,,1588,251,,,,,5847,3899,,,,,3550,3489,,,,,-512,-3626,,,,,0.272,0.064,,,,,0.101,0.056,,,,,589,220,,,,,-221578,-224753,,,,,-11641,-282,,,,,,,,,,,,,,,,,,,,,,,-12788,-380,,,,,,,,,,,-4259,-3648,,,,,1.00737e-05,,0.0001,1e-06,0,,,,8,,,,,,,,,,,,Ernst & Young LLP,,,,,,,,,,,,,-4411,-282,,,,
"FTI Consulting, Inc. (NYSE:FCN)",4051537,IQ28754,3788857,983345,3788857,983345,990746,956167,3490528,3506530,3490528,3506530,3490528,3489785,1756797,1844831,1756797,1844831,1756797,1740130,50.33,52.611,50.33,52.611,50.33,49.864,1517627,1556889,1517627,1556889,1517627,1498576,975189,676828,975189,676828,975189,809035,626721,1006991,626721,1006991,626721,769342,1733731,1661699,1733731,1661699,1733731,1749655,1.556,2.3,1.556,2.3,1.556,1.852,1.35,1.989,1.35,1.989,1.35,1.59,265091,198276,265091,198276,265091,145967,1862672,1801055,1862672,1801055,1862672,1882483,414372,83917,414372,83917,93436,117670,,,,,,,1139739,1239454,1139739,1239454,1139739,1229320,,,,,,,270871,57631,270871,57631,54531,82818,1217475,306827,1217475,306827,307666,317934,542438,880061,542438,880061,542438,689541,4969.24572615,173.07,189.3,149.31,8689,,,0,8118,8170,8118,8170,8118,8167,,,,,,,KPMG LLP - Klynveld Peat Marwick Goerdeler,,KPMG LLP - Klynveld Peat Marwick Goerdeler,,KPMG LLP - Klynveld Peat Marwick Goerdeler,,,,,BBB-,2024-10-28 12:54:23,Stable,2024-10-28 12:54:23,463615,96818,463615,96818,106238,130573
Robert Half Inc. (NYSE:RHI),4054105,IQ276703,5378506,1300179,5378506,1300179,1302379,1354477,2856276,2703702,2856276,2703702,2856276,2846378,1580419,1472471,1580419,1472471,1580419,1560286,55.331,54.461,55.331,54.461,55.331,54.817,2119022,1969492,2119022,1969492,2119022,2115806,1384506,1268887,1384506,1268887,1384506,1364925,245538,251978,245538,251978,245538,240780,1275857,1231231,1275857,1231231,1275857,1286092,1.531,1.552,1.531,1.552,1.531,1.55,0.876,0.831,0.876,0.831,0.876,0.882,464435,278387,464435,278387,464435,365289,,,,,,,76461,36911,76461,36911,22451,13588,,,,,,,748457,776361,748457,776361,748457,838002,,,,,,,132990,13790,132990,13790,31756,42916,2002313,479909,2002313,479909,489563,504231,734516,700605,734516,700605,734516,750881,2651.14985193,26.96,48.54,21.83,24620,,,-1,14500,,14500,,14500,,,,,,,,PricewaterhouseCoopers LLP,,PricewaterhouseCoopers LLP,,PricewaterhouseCoopers LLP,,,,,,,,,128365,49410,128365,49410,35112,26398
"ExlService Holdings, Inc. (NASDAQGS:EXLS)",4065525,IQ843132,2087679,570351,2087679,570351,542615,529585,1702235,1676379,1702235,1676379,1702235,1733632,789530,897575,789530,897575,789530,781243,46.382,53.542,46.382,53.542,46.382,45.064,829957,797361,829957,797361,829957,891946,324125,299514,324125,299514,324125,307002,405782,520687,405782,520687,405782,436529,912705,778804,912705,778804,912705,952389,2.561,2.662,2.561,2.662,2.561,2.905,2.221,2.296,2.221,2.296,2.221,2.569,146326,145405,146326,145405,146326,160309,1532979,1600060,1532979,1600060,1532979,1472733,313485,91172,313485,91172,77908,76126,,,,,,,391562,433798,391562,433798,391562,398592,,,,,,,251019,67081,251019,67081,60246,58161,801076,222081,801076,222081,209638,203936,505832,497847,505832,497847,505832,584944,4846.27457132,31.57,48.54,26.94,29353,,,0,65000,,65000,,65000,,,,,,,,Deloitte & Touche LLP,,Deloitte & Touche LLP,,Deloitte & Touche LLP,,,,,,,,,359330,102744,359330,102744,89857,87816
"Paychex, Inc. (NASDAQGS:PAYX)",4070114,IQ295368,5571700,1808900,5571700,1540000,1427300,1509000,16564100,17511400,16564100,16663000,16564100,11221600,12436100,13497800,12436100,12692400,12436100,7105000,75.079,77.08,75.079,76.171,75.079,63.315,8916500,9928000,8916500,9040000,8916500,8077000,6956300,7879100,6956300,7128700,6956300,5799700,5044800,5013400,5044800,5021600,5044800,863700,4128000,4013600,4128000,3970600,4128000,4116600,1.282,1.26,1.282,1.268,1.282,1.393,0.523,0.489,0.523,0.515,0.523,0.598,1628600,1742500,1628600,809000,1628600,1563800,2277000,2047300,2277000,2070200,2277000,2387800,2329300,802700,2329300,565600,552700,708500,,,,,,,1975000,2070800,1975000,2002700,1975000,1865300,,,,,,,1657300,560300,1657300,383800,297200,519300,4031300,1377700,4031300,1126200,1033400,1121600,1960200,2048900,1960200,1911300,1960200,2277300,33134.74067488,93.05,161.24,85.45,14176,,,-1,19000,,19000,,19000,,,,,,,,PricewaterhouseCoopers LLP,,PricewaterhouseCoopers LLP,,PricewaterhouseCoopers LLP,,,,,BBB+,2025-03-31 11:45:26,Stable,2025-03-31 11:45:26,2538800,913700,2538800,674900,638400,751600
"AMN Healthcare Services, Inc. (NYSE:AMN)",4074586,IQ24821,2730429,748225,2730429,,748225,634496,2094107,2094107,2094107,,2094107,2138951,1452001,1452001,1452001,,1452001,1494542,69.337,69.337,69.337,,69.337,69.873,545376,545376,545376,,545376,570323,577614,577614,577614,,577614,542162,803202,803202,803202,,803202,884897,642106,642106,642106,,642106,644409,0.944,0.944,0.944,,0.944,1.052,0.819,0.819,0.819,,0.819,0.944,33972,33972,33972,,33972,52636,1208994,1208994,1208994,,1208994,1216690,33167,8160,33167,,8160,8438,,,,,,,439107,439107,439107,,439107,458935,,,,,,,-95702,-7696,-95702,,-7696,29288,774058,195127,774058,,195127,184412,-32238,-32238,-32238,,-32238,28161,800.95737568,21.11,23.74,14.865,9280,,,0,2664,2664,2664,,2664,,,,,,,,KPMG LLP - Klynveld Peat Marwick Goerdeler,KPMG LLP - Klynveld Peat Marwick Goerdeler,KPMG LLP - Klynveld Peat Marwick Goerdeler,,KPMG LLP - Klynveld Peat Marwick Goerdeler,,,,,BB,2024-11-18 16:50:59,Stable,2024-11-18 16:50:59,189767,45390,189767,,45390,48066
"CRA International, Inc. (NASDAQGS:CRAI)",4081644,IQ383501,751583,196963,751583,,196963,185891,628873,628873,628873,,628873,629041,415275,415275,415275,,415275,427386,66.035,66.035,66.035,,66.035,67.942,303129,303129,303129,,303129,305582,330029,330029,330029,,330029,338603,127232,127232,127232,,127232,194333,213598,213598,213598,,213598,201655,0.918,0.918,0.918,,0.918,0.902,0.809,0.809,0.809,,0.809,0.784,18210,18210,18210,,18210,22496,221062,221062,221062,,221062,211660,83124,20638,83124,,20638,17211,,,,,,,265588,265588,265588,,265588,263967,,,,,,,54782,13185,54782,,13185,11473,232295,58039,232295,,58039,54423,-26900,-26900,-26900,,-26900,-33021,1054.72160086,160.21,227.29,142.525,1325,,,0,959,959,959,,959,968,,,,,,,Grant Thornton,Grant Thornton,Grant Thornton,,Grant Thornton,,,,,,,,,97264,24350,97264,,24350,20698
"CoStar Group, Inc. (NASDAQGS:CSGP)",4094053,IQ387127,3247000,897000,3247000,897000,899900,833600,10538000,10164000,10538000,10164000,10538000,10819900,2167000,2213000,2167000,2213000,2167000,2196000,20.564,21.773,20.564,21.773,20.564,20.296,2119000,1706000,2119000,1706000,2119000,2405100,746000,777000,746000,777000,746000,770500,1144000,1155000,1144000,1155000,1144000,1132000,8371000,7951000,8371000,7951000,8371000,8623900,2.84,2.196,2.84,2.196,2.84,3.121,2.536,1.941,2.536,1.941,2.536,2.839,1633000,1215000,1633000,1215000,1633000,1935300,2350000,2353000,2350000,2353000,2350000,2303500,-54000,3000,-54000,3000,49500,-51100,,,,,,,259000,293000,259000,293000,259000,252500,,,,,,,7000,3000,7000,3000,46500,-30900,2561000,701000,2561000,701000,707200,661400,1373000,929000,1373000,929000,1373000,1634600,14447.6251967,35.77,97.43,33.315,5244,,,0,8441,,8441,,8441,,,,,,,,Ernst & Young LLP,,Ernst & Young LLP,,Ernst & Young LLP,,,,,BB+,2020-06-24 09:46:36,Stable,2023-05-02 09:56:29,209000,85000,209000,85000,130500,18100
"Forrester Research, Inc. (NASDAQGS:FORR)",4094056,IQ356418,396888,101058,396888,,101058,94295,404034,404034,404034,,404034,414181,277509,277509,277509,,277509,256509,68.685,68.685,68.685,,68.685,61.932,212685,212685,212685,,212685,193638,240062,240062,240062,,240062,182104,71895,71895,71895,,71895,74288,126525,126525,126525,,126525,157672,0.886,0.886,0.886,,0.886,1.063,0.746,0.746,0.746,,0.746,0.909,63335,63335,63335,,63335,65121,52574,52574,52574,,52574,86449,9258,-346,9258,,-346,4346,,,,,,,50850,50850,50850,,50850,33588,,,,,,,-119360,-33875,-119360,,-33875,-2126,226171,57307,226171,,57307,56584,-27377,-27377,-27377,,-27377,11534,119.27405446,6.34,11.57,4.88,1778,,,-1,1474,1474,1474,,1474,1485,,,,,,,PricewaterhouseCoopers LLP,PricewaterhouseCoopers LLP,PricewaterhouseCoopers LLP,,PricewaterhouseCoopers LLP,,,,,,,,,20828,-98,20828,,-98,8095
"Gartner, Inc. (NYSE:IT)",4094069,IQ130705,6497226,1511041,6497226,1511041,1752570,1524072,8085400,7655273,8085400,7655273,8085400,7249066,7765492,7591889,7765492,7591889,7765492,6692514,96.043,99.172,96.043,99.172,96.043,92.322,4066337,3647997,4066337,3647997,4066337,3062763,4072092,3886334,4072092,3886334,4072092,3490210,3347950,3258606,3347950,3258606,3347950,2850041,319908,63384,319908,63384,319908,556552,0.999,0.939,0.999,0.939,0.999,0.878,0.847,0.792,0.847,0.792,0.847,0.747,1722521,1666946,1722521,1666946,1722521,1430730,6722238,6944582,6722238,6944582,6722238,6480086,1178623,309954,1178623,309954,332599,240393,,,,,,,1725056,1411496,1725056,1411496,1725056,1178052,,,,,,,729231,222344,729231,222344,242152,35357,4443651,1081734,4443651,1081734,1179974,1049854,-5755,-238337,-5755,-238337,-5755,-427447,9971.93031261,145.74,451.73,139.18,22255,,,-1,20244,,20244,,20244,20854,,,,,,,KPMG LLP - Klynveld Peat Marwick Goerdeler,,KPMG LLP - Klynveld Peat Marwick Goerdeler,,KPMG LLP - Klynveld Peat Marwick Goerdeler,,,,,BBB-,2023-07-18 10:09:00,Stable,2023-07-18 10:09:00,1310532,355385,1310532,355385,380499,291346
Kforce Inc. (NYSE:KFRC),4096920,IQ340462,1329007,330364,1329007,330364,332018,332645,365638,384770,365638,384770,365638,374152,241035,267415,241035,267415,241035,242031,65.922,69.5,65.922,69.5,65.922,64.688,202272,217405,202272,217405,202272,217836,113730,121565,113730,121565,113730,116092,82946,107363,82946,107363,82946,81080,124603,117355,124603,117355,124603,132121,1.779,1.788,1.779,1.788,1.779,1.876,1.694,1.716,1.694,1.716,1.694,1.772,2142,1338,2142,1338,2142,1252,552180,552828,552180,552828,552180,554083,50077,12006,50077,12006,8556,15002,,,,,,,190461,207275,190461,207275,190461,204468,,,,,,,34825,7925,34825,7925,5163,11068,361373,90068,361373,90068,90208,92257,88542,95840,88542,95840,88542,101744,721.60803,44,47.5,24.49,4505,,,-1,1600,1600,1600,1600,1600,1600,,,,,,,Deloitte & Touche LLP,,Deloitte & Touche LLP,,Deloitte & Touche LLP,,,,,,,,,52723,12645,52723,12645,9187,15644
"ICF International, Inc. (NASDAQGS:ICFI)",4098304,IQ29703,1872851,443673,1872851,,443673,465405,2050171,2050171,2050171,,2050171,2113570,1021689,1021689,1021689,,1021689,1089449,49.834,49.834,49.834,,49.834,51.545,514438,514438,514438,,514438,568980,404277,404277,404277,,404277,403375,573399,573399,573399,,573399,627204,1028482,1028482,1028482,,1028482,1024121,1.272,1.272,1.272,,1.272,1.411,1.108,1.108,1.108,,1.108,1.24,5297,5297,5297,,5297,3988,956077,956077,956077,,956077,941319,145465,28633,145465,,28633,38431,,,,,,,442767,442767,442767,,442767,495912,,,,,,,91588,17310,91588,,17310,23766,696016,158350,696016,,158350,174860,110161,110161,110161,,110161,165605,1329.8102054,72.74,101.705,64.34,8696,,,-1,7686,7686,7686,,7686,,,,,,,,Grant Thornton,Grant Thornton,Grant Thornton,,Grant Thornton,,,,,,,,,203612,43115,203612,,43115,52599
"Insperity, Inc. (NYSE:NSP)",4099023,IQ24320,6812000,1895000,6812000,1895000,1668000,1623000,2203000,2196000,2203000,2196000,2203000,2012000,2157000,2129000,2157000,2129000,2157000,1925000,97.912,96.949,97.912,96.949,97.912,95.676,1722000,1730000,1722000,1730000,1722000,1554000,1620000,1588000,1620000,1588000,1620000,1382000,454000,430000,454000,430000,454000,436000,46000,67000,46000,67000,46000,87000,1.063,1.089,1.063,1.089,1.063,1.124,0.935,0.923,0.935,0.923,0.935,0.991,642000,537000,642000,537000,642000,422000,638000,648000,638000,648000,638000,694000,-10000,62000,-10000,62000,-46000,-25000,,,,,,,855000,910000,855000,910000,855000,929000,,,,,,,-7000,33000,-7000,33000,-33000,-20000,900000,302000,900000,302000,172000,195000,102000,142000,102000,142000,102000,172000,1127.8993281,28.66,72.23,18.57,4398,,,0,314289,,314289,,314289,,,,,,,,Ernst & Young LLP,,Ernst & Young LLP,,Ernst & Young LLP,,,,,,,,,21000,73000,21000,73000,-38250,-14000
AMREP Corporation (NYSE:AXR),4110007,IQ105201,49694,14573,49694,17851,11178,7520,133776,143945,133776,140660,133776,128938,3815,4565,3815,5931,3815,2962,2.852,3.171,2.852,4.217,2.852,2.297,107458,117868,107458,114994,107458,103080,3747,4544,3747,5906,3747,2933,68,21,68,25,68,29,129961,139380,129961,134729,129961,125976,28.678,25.939,28.678,19.471,28.678,35.145,10.617,11.003,10.617,8.3,10.617,12.595,39466,49998,39466,48938,39466,36936,96024,105063,96024,100716,96024,92131,12107,3007,12107,6146,3539,432,,,,,,,317,,317,84,317,4,,,,,,,12716,3147,12716,4692,3893,717,19385,5937,19385,7993,5486,2307,103711,113324,103711,109088,103711,100147,147.54150378,28.5,29,17.61,9,,,0,49,,49,,49,,,,,,,,Rosenberg Rich Baker Berman & Company,,Rosenberg Rich Baker Berman & Company,,Rosenberg Rich Baker Berman & Company,,,,,,,,,12286,3089,12286,6217,3609,459
Concentrix Corporation (NASDAQGS:CNXC),4149372,IQ9068477,9825771,2500391,9825771,2500391,2552925,2483253,10761086,10674622,10761086,10674622,10761086,12410099,8016741,7886208,8016741,7886208,8016741,8065970,74.498,73.878,74.498,73.878,74.498,64.995,3084503,3041215,3084503,3041215,3084503,3137511,2196350,2575333,2196350,2575333,2196350,2009183,5540054,5689435,5540054,5689435,5540054,5746509,2744345,2788414,2744345,2788414,2744345,4344129,1.404,1.181,1.404,1.181,1.404,1.562,1.059,0.878,1.059,0.878,1.059,1.196,327347,222699,327347,222699,327347,350259,-177010,-178645,-177010,-178645,-177010,1325693,605267,155292,605267,155292,86334,165436,,,,,,,1999021,2038296,1999021,2038296,1999021,2051920,,,,,,,-1278924,21589,-1278924,21589,-1479384,88110,3435011,849657,3435011,849657,875957,855007,888153,465882,888153,465882,888153,1128328,1434.22345926,24.64,62.14,22.85,118255,,,-1,455000,,455000,,455000,,,,,,,,Ernst & Young LLP,,Ernst & Young LLP,,Ernst & Young LLP,,,,,BBB-,2025-11-20 08:14:29,Stable,2025-11-20 08:14:29,1265700,314661,1265700,314661,252185,333993
"DHI Group, Inc. (NYSE:DHX)",4151710,IQ27845,127826,31375,127826,,31375,32123,188243,188243,188243,,188243,192476,93736,93736,93736,,93736,95199,49.795,49.795,49.795,,49.795,49.46,24480,24480,24480,,24480,23925,55077,55077,55077,,55077,55920,39178,39178,39178,,39178,39489,94507,94507,94507,,94507,97277,0.444,0.444,0.444,,0.444,0.428,0.382,0.382,0.382,,0.382,0.364,2908,2908,2908,,2908,2296,18971,18971,18971,,18971,17620,14092,5239,14092,,5239,5113,,,,,,,18111,18111,18111,,18111,18039,,,,,,,-13510,1351,-13510,,1351,-4269,108214,26832,108214,,26832,27534,-30597,-30597,-30597,,-30597,-31995,108.8683172,2.55,3.34,1.21,214,,,0,270,270,270,,270,,,,,,,,Deloitte & Touche LLP,Deloitte & Touche LLP,Deloitte & Touche LLP,,Deloitte & Touche LLP,,,,,,,,,28669,8583,28669,,8583,8601
NRC Health (NASDAQGS:NRC),4152463,IQ366847,137390,34803,137390,34803,35194,34608,134878,134559,134878,134559,134878,135719,120888,121064,120888,121064,120888,121405,89.628,89.971,89.628,89.971,89.628,89.453,20209,19984,20209,19984,20209,20401,36620,38470,36620,38470,36620,38566,80240,78032,80240,78032,80240,80561,13990,13495,13990,13495,13990,14314,0.552,0.519,0.552,0.519,0.552,0.529,0.434,0.348,0.434,0.348,0.434,0.391,4139,2547,4139,2547,4139,2219,-17298,-17682,-17298,-17682,-17298,-15470,29378,5569,29378,5569,11324,7738,,,,,,,11768,10833,11768,10833,11768,12861,,,,,,,11600,3222,11600,3222,1798,4122,85019,21157,85019,21157,21259,22204,-16411,-18486,-16411,-18486,-16411,-18165,410.61860112,17.22,22.79,11.0139,514,,,0,357,,357,,357,,,,,,,,KPMG LLP - Klynveld Peat Marwick Goerdeler,,KPMG LLP - Klynveld Peat Marwick Goerdeler,,KPMG LLP - Klynveld Peat Marwick Goerdeler,,,,,,,,,37002,7738,37002,7738,13469,9933
"Terra Systems, Inc. (OTCEM:TSYI)",4152927,IQ3184992,,7.886,,,,,321.093,305.349,,,,,2245.5,2349.332,,,,,699.33,769.392,,,,,10.715,15.719,,,,,2245.5,2349.332,,,,,250,250,,,,,-1924.407,-2043.983,,,,,0.005,0.007,,,,,0.005,0.007,,,,,10.715,15.719,,,,,-27892.189,-28019.64,,,,,-466.901,-38.831,,,,,,,,,,,,,,,,,,,,,,,-517.366,-58.947,,,,,,7.886,,,,,-2234.785,-2333.613,,,,,6.42731e-05,,1e-06,1e-06,2,,,0,,,,,,,,,,,,,,,,,,,,,,,,,,-425.403,-28.457,,,,
"Turbo Global Partners, Inc. (OTCEM:TRBO)",4154556,IQ8402121,,,,,,,,359.905,,,,,,4831.036,,,,,,1342.309,,,,,,27.902,,,,,,1680.899,,,,,,3150.137,,,,,,-4471.131,,,,,,0.017,,,,,,0.017,,,,,,27.902,,,,,,-4777.083,,,,,,-318.02,,,,,,,,,,,,,,,,,,,,,,,,-277.337,,,,,,,,,,,,-1652.997,,,,,7.25906e-05,,0.0401,1e-06,,,,,,,,,,,,,,,,,,,,,,,,,,,,,,,-282.033,,,,
"comScore, Inc. (NASDAQGS:SCOR)",4157365,IQ33539685,357469,93465,357469,,93465,88906,407709,407709,407709,,407709,406945,206548,206548,206548,,206548,225732,50.661,50.661,50.661,,50.661,55.47,96270,96270,96270,,96270,91518,122891,122891,122891,,122891,141602,59871,59871,59871,,59871,58505,201161,201161,201161,,201161,181213,0.783,0.783,0.783,,0.783,0.646,0.658,0.658,0.658,,0.658,0.546,23621,23621,23621,,23621,26705,-1429995,-1429995,-1429995,,-1429995,-1501204,4509,6551,4509,,6551,1705,,,,,,,57260,57260,57260,,57260,50592,,,,,,,-10004,3028,-10004,,3028,453,146769,40394,146769,,40394,36123,-26621,-26621,-26621,,-26621,-50084,110.27259276,7.53,10.1784,4.3901,1190,,,-1,1158,1158,1158,,1158,,,,,,,,Deloitte & Touche LLP,Deloitte & Touche LLP,Deloitte & Touche LLP,,Deloitte & Touche LLP,,,,,,,,,12196,14197,12196,,14197,9251
Huron Consulting Group Inc. (NASDAQGS:HURN),4158666,IQ2413126,1662836,432280,1662836,,432280,432361,1526683,1526683,1526683,,1526683,1544182,998054,998054,998054,,998054,1044404,65.374,65.374,65.374,,65.374,67.635,448584,448584,448584,,448584,475045,383433,383433,383433,,383433,330054,552172,552172,552172,,552172,655028,528629,528629,528629,,528629,499778,1.17,1.17,1.17,,1.17,1.439,1.083,1.083,1.083,,1.083,1.331,24508,24508,24508,,24508,23889,636693,636693,636693,,636693,606039,199179,65445,199179,,65445,53521,,,,,,,390400,390400,390400,,390400,414906,,,,,,,105040,30654,105040,,30654,30420,540407,145725,540407,,145725,143558,65151,65151,65151,,65151,144991,2055.9663552,130.51,186.775,116.12,7076,,,0,8610,8610,8610,,8610,7335,,,,,,,PricewaterhouseCoopers LLP,PricewaterhouseCoopers LLP,PricewaterhouseCoopers LLP,,PricewaterhouseCoopers LLP,,,,,,,,,222108,71177.25,222108,,71177.25,62919
"Digital Brand Media & Marketing Group, Inc. (OTCPK:DBMM)",4169929,IQ3576388,137.998,38.672,137.998,47.017,56.331,25.09,58.502,81.756,58.502,52.03,58.502,39.601,8440.013,8971.969,8440.013,8692.615,8440.013,7809.259,14426.879,10974.08,14426.879,16706.929,14426.879,19719.853,58.502,81.756,58.502,52.03,58.502,39.601,8438.04,8971.969,8438.04,8692.615,8438.04,7809.259,4078.547,4381.44,4078.547,4209.712,4078.547,3948.002,-8381.511,-8890.213,-8381.511,-8640.585,-8381.511,-7769.658,0.007,0.009,0.007,0.006,0.007,0.005,0.007,0.009,0.007,0.006,0.007,0.005,23.108,63.335,23.108,33.638,23.108,20.376,-19241.756,-19791.962,-19241.756,-19547.17,-19241.756,-18580.011,-544.197,-116.219,-544.197,-153.068,-138.1,-85.725,,,,,,,35.139,18.166,35.139,18.137,35.139,18.97,,,,,,,-1060.22,-244.792,-1060.22,-305.414,-661.745,-227.965,25.379,16.698,25.379,13.586,10.211,5.681,-8379.538,-8890.213,-8379.538,-8640.585,-8379.538,-7769.658,0.6489139733,,0.0027,0.0005,,,,,7,,7,,7,,,,,,,,"M & K CPAS, PLLC",,"M & K CPAS, PLLC",,"M & K CPAS, PLLC",,,,,,,,,,,,,,
ManpowerGroup Inc. (NYSE:MAN),4185702,IQ320570,17957100,4510400,17957100,4510400,4713100,4634400,9160100,8391300,9160100,8391300,9160100,8446900,7099800,6325800,7099800,6325800,7099800,6435500,77.508,75.385,77.508,75.385,77.508,76.188,5790400,5062800,5790400,5062800,5790400,5100900,5233600,4502600,5233600,4502600,5233600,5123900,2088800,1538900,2088800,1538900,2088800,1637100,2060300,2065500,2060300,2065500,2060300,2011400,1.106,1.124,1.106,1.124,1.106,0.996,1.078,1.078,1.078,1.078,1.078,0.957,871000,224900,871000,224900,871000,274600,3732300,3734800,3732300,3734800,3732300,3735500,305400,54300,305400,54300,95600,88000,,,,,,,4770300,4628200,4770300,4628200,4770300,4631400,,,,,,,-13300,2500,-13300,2500,30200,18000,2997600,723000,2997600,723000,766700,768900,556800,560200,556800,560200,556800,-23000,1380.52027204,30.01,47.335,25.15,19926,,,-1,25400,,25400,,25400,,,,,,,,Deloitte & Touche LLP,,Deloitte & Touche LLP,,Deloitte & Touche LLP,,,,,BBB-,2025-11-21 10:51:51,Stable,2025-11-21 10:51:51,374200,74500,374200,74500,98900,110100
"Synthesis Energy Systems, Inc. (OTCEM:SYNE)",4187654,IQ20440351,,,,,,,2656,2402,,,,,7726,28020,,,,,290.889,1166.528,,,,,1838,1610,,,,,1804,3029,,,,,5835,18707,,,,,-5070,-25618,,,,,1.019,0.532,,,,,0.483,0.125,,,,,871,378,,,,,-270784,-293062,,,,,-6066,-1923,,,,,,,,,,,,359,,,,,,,,,,,-10716,-21347,,,,,,,,,,,34,-1419,,,,,1.5765e-06,,0.0003,1e-06,9,,,0,6,,,,,,,,,,,,McGladrey LLP - RSM  LLP,,,,,,,,,,,,,-5808,-1909,,,,
"TriNet Group, Inc. (NYSE:TNET)",4228223,IQ124565,4943000,1212000,4943000,1212000,1234000,1215000,3797000,3420000,3797000,3420000,3797000,3425000,3743000,3337000,3743000,3337000,3743000,3315000,98.578,97.573,98.578,97.573,98.578,96.788,2868000,2484000,2868000,2484000,2868000,2498000,2637000,2226000,2637000,2226000,2637000,2249000,942000,946000,942000,946000,942000,943000,54000,83000,54000,83000,54000,110000,1.088,1.116,1.088,1.116,1.088,1.111,0.217,0.358,0.217,0.358,0.217,0.359,287000,340000,287000,340000,287000,321000,-1081000,-1066000,-1081000,-1066000,-1081000,-1002000,217000,136000,217000,136000,7000,48000,,,,,,,284000,458000,284000,458000,284000,486000,,,,,,,155000,89000,155000,89000,-1000,34000,819000,286000,819000,286000,157000,199000,231000,258000,231000,258000,231000,249000,1972.86297042,44.25,86.78,33.605,3547,,,0,326600,302834,326600,302834,326600,335273,,,,,,,Deloitte & Touche LLP,,Deloitte & Touche LLP,,Deloitte & Touche LLP,,,,,BB,2023-07-28 13:01:23,Stable,2023-07-28 13:01:23,236000,153000,236000,153000,11750,65000
"Barrett Business Services, Inc. (NASDAQGS:BBSI)",4259706,IQ328132,1240298,321126,1240298,,321126,318949,779067,779067,779067,,779067,777925,538067,538067,538067,,538067,537780,69.066,69.066,69.066,,69.066,69.13,524640,524640,524640,,524640,516903,405872,405872,405872,,405872,406676,24453,24453,24453,,24453,25170,241000,241000,241000,,241000,240145,1.293,1.293,1.293,,1.293,1.271,1.007,1.007,1.007,,1.007,1.01,95033,95033,95033,,95033,47676,206114,206114,206114,,206114,208042,62163,18520,62163,,18520,24782,,,,,,,251591,251591,251591,,251591,300942,,,,,,,54448,16396,54448,,16396,20619,260913,68265,260913,,68265,76765,118768,118768,118768,,118768,110227,752.01645238,31.17,49.65,25.3341,902,,,0,141802,141802,141802,,141802,,,,,,,,Deloitte & Touche LLP,Deloitte & Touche LLP,Deloitte & Touche LLP,,Deloitte & Touche LLP,,,,,,,,,65819,19434,65819,,19434,26879
"Clean Energy Pathways, Inc. (OTCEM:CPWY)",4284055,IQ38719893,2301.369,0,,,,,123.215,33.375,,,,,432.909,3970.686,,,,,351.344,11897.187,,,,,114.098,24.84,,,,,432.909,3970.686,,,,,0,0,,,,,-309.694,-3937.311,,,,,0.264,0.006,,,,,0.21,0,,,,,80.325,1.39,,,,,-13662.701,-17331.318,,,,,-1401.211,-50.258,,,,,,,,,,,10.373,0.05,,,,,,,,,,,3529.272,-50.258,,,,,47.007,0,,,,,-318.811,-3945.846,,,,,0.0186539162,,0.002,1e-06,,,,,,,,,,,,,,,,,,,,,,,,,,,,,,-1398.535,-49.968,,,,
"Information Services Group, Inc. (NASDAQGM:III)",4305772,IQ28638526,244725,61213,244725,,61213,62364,211001,211001,211001,,211001,213252,116325,116325,116325,,116325,118564,55.13,55.13,55.13,,55.13,55.598,94071,94071,94071,,94071,94226,40157,40157,40157,,40157,42512,70531,70531,70531,,70531,68508,94676,94676,94676,,94676,94688,2.343,2.343,2.343,,2.343,2.216,2.193,2.193,2.193,,2.193,2.085,28661,28661,28661,,28661,28735,-90523,-90523,-90523,,-90523,-93137,17796,5066,17796,,5066,4588,,,,,,,59409,59409,59409,,59409,59893,,,,,,,9341,2614,9341,,2614,3056,105404,27442,105404,,27442,26332,53914,53914,53914,,53914,51714,196.41828492,4.11,6.4495,3.74,1558,,,-1,1272,1272,1272,,1272,1300,,,,,,,PricewaterhouseCoopers LLP,PricewaterhouseCoopers LLP,PricewaterhouseCoopers LLP,,PricewaterhouseCoopers LLP,,,,,,,,,22334,6191,22334,,6191,5731
"Tetra Tech, Inc. (NASDAQGS:TTEK)",4309013,IQ196872,4617360,1049633,4617360,1037176,1163309,1153016,4282174,4362231,4282174,4264727,4282174,4353447,2502010,2498482,2502010,2418089,2502010,2611351,58.428,57.275,58.428,56.7,58.428,59.984,1620889,1542019,1620889,1604439,1620889,1619796,1379044,1228731,1379044,1220794,1379044,1376121,987157,1109730,987157,1058381,987157,1071637,1780164,1863749,1780164,1846638,1780164,1742096,1.175,1.255,1.175,1.314,1.175,1.177,1.073,1.154,1.073,1.222,1.073,1.1,167459,223612,167459,269448,167459,242833,1872948,1955468,1872948,1919840,1872948,1804429,606107,131465,606107,133547,173932,164928,,,,,,,1312494,1193785,1312494,1222846,1312494,1270371,,,,,,,247724,93623,247724,105028,127745,113844,961344,214091,961344,220371,274147,251539,241845,313288,241845,383645,241845,243675,8219.14721733,31.67,43.14,29.57,10688,,,-1,25000,25000,25000,25000,25000,30000,,,,,,,PricewaterhouseCoopers LLP,,PricewaterhouseCoopers LLP,,PricewaterhouseCoopers LLP,,,,,,,,,664383,145806,664383,147543,188572,178625
"Professional Diversity Network, Inc. (NASDAQCM:IPDN)",4335003,IQ134666880,6546.739,1668.901,6546.739,,1668.901,1731.762,17867.569,17867.569,17867.569,,17867.569,12146.012,6685.309,6685.309,6685.309,,6685.309,3846.047,37.416,37.416,37.416,,37.416,31.665,2559.797,2559.797,2559.797,,2559.797,1609.152,6602.825,6602.825,6602.825,,6602.825,3736.881,185.065,185.065,185.065,,185.065,209.617,11182.26,11182.26,11182.26,,11182.26,8299.965,0.388,0.388,0.388,,0.388,0.431,0.186,0.186,0.186,,0.186,0.398,216.954,216.954,216.954,,216.954,265.258,-108865.674,-108865.674,-108865.674,,-108865.674,-105970.511,-6452.584,-2890.845,-6452.584,,-2890.845,-2359.854,,,,,,,1008.653,1008.653,1008.653,,1008.653,1222.241,,,,,,,-6450.991,-2895.163,-6450.991,,-2895.163,-2357.801,2822.628,561.727,2822.628,,561.727,762.811,-4043.028,-4043.028,-4043.028,,-4043.028,-2127.729,8.165093645,0.837,12.39,0.6788,2,,,0,32,32,32,,32,,,,,,,,SR CPA & Co,SR CPA & Co,SR CPA & Co,,SR CPA & Co,,,,,,,,,-6402.733,-2878.516,-6402.733,,-2878.516,-2347.35
"Star Equity Holdings, Inc. (NASDAQGS:STRR)",4335346,IQ4863435,172159,56793,172159,,56793,47959,113231,113231,113231,,113231,117140,47524,47524,47524,,47524,49369,41.971,41.971,41.971,,41.971,42.145,62487,62487,62487,,62487,67845,29826,29826,29826,,29826,32810,26419,26419,26419,,26419,22990,65707,65707,65707,,65707,67771,2.095,2.095,2.095,,2.095,2.068,1.651,1.651,1.651,,1.651,1.656,10269,10269,10269,,10269,15368,-435934,-435934,-435934,,-435934,-434225,-2077,3102,-2077,,3102,-3244,,,,,,,35476,35476,35476,,35476,36239,,,,,,,-5917,-1709,-5917,,-1709,-1764,16324,5981,16324,,5981,4492,32661,32661,32661,,32661,35035,35.4765642,9.75,11.99,8.26,483,,,-1,1200,1200,1200,,1200,,,,,,,,"Wolf & Company, P.C.","Wolf & Company, P.C.","Wolf & Company, P.C.",,"Wolf & Company, P.C.",,,,,,,,,1,3990,1,,3990,-2579
Orosur Mining Inc. (TSXV:OMI),4353117,IQ3188602,,,,,,,9489,23599,9489,9279,9489,9508,2858,5668,2858,2894,2858,13693,30.119,24.018,30.119,31.189,30.119,144.016,5343,14684,5343,4364,5343,2792,2858,5668,2858,2894,2858,11137,0,0,0,0,0,0,6631,17931,6631,6385,6631,-4185,1.869,2.591,1.869,1.508,1.869,0.251,1.824,2.587,1.824,1.466,1.824,0.233,4877,13650,4877,3906,4877,2355,-77258,-83852,-77258,-77976,-77258,-86099,-3864,-1416,-3864,-532,,-747,,,,,,,336,1012,336,337,336,237,,,,,,,9936,-2051,9936,-718,,-775,,,,,,,2485,9016,2485,1470,2485,-8345,100.408263650605,0.27196483552,0.55863047296,0.091880012,20,,,0,,,,,,,,,,,,,Baker Tilly WM LLP,,Baker Tilly WM LLP,,Baker Tilly WM LLP,,,,,,,,,-3246,-1410,-3246,-527,,-741
"Quad M Solutions, Inc. (OTCEM:MMMM)",4363038,IQ3170564,54892.679,,,,,,10748.095,9913.415,,,,,10194.06,9450.315,,,,,94.845,95.329,,,,,10748.095,9913.415,,,,,10194.061,9450.315,,,,,4919.177,5011.927,,,,,554.035,463.1,,,,,1.054,1.049,,,,,1.03,0.027,,,,,836.495,1.815,,,,,-35034.31,-35125.181,,,,,-3741.962,-104.996,,,,,,,,,,,9659,9911.6,,,,,,,,,,,-4212.053,-104.996,,,,,2193.34,,,,,,554.034,463.1,,,,,0.0002638925,,0.0002,1e-06,0,,,,18,,,,,,,,,,,,"Hudgens CPA, PLLC",,,,,,,,,,,,,,,,,,
"Maximus, Inc. (NYSE:MMS)",4378147,IQ218451,5431276,1345046,5431276,1345046,1318415,1348400,4069639,4208300,4069639,4208300,4069639,4462293,2395604,2488488,2395604,2488488,2395604,2689257,58.865,59.133,58.865,59.133,58.865,60.266,1252924,1423208,1252924,1423208,1252924,1605031,765163,608046,765163,608046,765163,706151,1445867,1671735,1445867,1671735,1445867,1781591,1674035,1719812,1674035,1719812,1674035,1773036,1.637,2.341,1.637,2.341,1.637,2.273,1.469,2.123,1.469,2.123,1.469,2.107,222351,137594,222351,137594,222351,59777,1063784,1109971,1063784,1109971,1063784,1158169,528289,146210,528289,146210,83519,165672,,,,,,,901999,1153045,901999,1153045,901999,1428011,,,,,,,319034,93943,319034,93943,75288,105981,1333443,318670,1333443,318670,333552,359513,487761,815162,487761,815162,487761,898880,3520.56509504,65.36,100,60.75,13332,,,-1,37200,,37200,,37200,,,,,,,,KPMG LLP - Klynveld Peat Marwick Goerdeler,,KPMG LLP - Klynveld Peat Marwick Goerdeler,,KPMG LLP - Klynveld Peat Marwick Goerdeler,,,,,BB+,2021-05-12 07:47:45,Stable,2021-05-12 07:47:45,639805,179399,639805,179399,98492,198289
"Corporate Resource Services, Inc.",4405128,IQ13424471,819673,260285,,,,,143126,183883,,,,,116252,153645,,,,,81.224,83.556,,,,,111141,135658,,,,,95652,129779,,,,,94036,118268,,,,,26874,30238,,,,,1.162,1.045,,,,,1.149,1.035,,,,,32,156,,,,,-4976,-5261,,,,,10916,8126,,,,,,,,,,,109889,134104,,,,,,,,,,,2776,2432,,,,,96376,32698,,,,,15489,5879,,,,,,,,,55,,,0,800,800,,,,,,,,,,,Crowe Horwath LLP,,,,,,,,,,,,,12710,9022,,,,
"Intertech Solutions , Inc. (OTCEM:ITEC)",4439487,IQ108533122,2.444,0.113,,,,,699.154,699.154,,,,,335.892,335.892,,,,,48.043,48.043,,,,,336.654,336.654,,,,,335.892,335.892,,,,,87.5,87.5,,,,,363.262,363.262,,,,,1.002,1.002,,,,,0,0,,,,,0.115,0.115,,,,,-943.937,-943.937,,,,,-622.761,-126.752,,,,,,,,,,,,,,,,,,,,,,,-608.66,-130.695,,,,,-361.058,-89.764,,,,,0.762,0.762,,,,,0.0072011525,,1e-05,1e-06,,,,,,,,,,,,,,,,,,,,,,,,,,,,,,-259.249,54.01,,,,
"Everforth, Inc. (NYSE:EFOR)",4588939,IQ32410,3980400,968300,3980400,968300,980100,1011400,3677300,4027900,3677300,4027900,3677300,3700300,1873300,2238700,1873300,2238700,1873300,1867200,50.942,55.58,50.942,55.58,50.942,50.461,916200,970300,916200,970300,916200,918400,424300,461900,424300,461900,424300,462300,1240700,1531900,1240700,1531900,1240700,1239600,1804000,1789200,1804000,1789200,1804000,1833100,2.159,2.101,2.159,2.101,2.159,1.987,1.969,1.922,1.969,1.922,1.969,1.81,161200,143600,161200,143600,161200,126500,1091700,1072900,1091700,1072900,1091700,1107200,261200,40500,261200,40500,66900,72100,,,,,,,674400,744400,674400,744400,674400,710400,,,,,,,113500,5500,113500,5500,25200,38100,1149100,266600,1149100,266600,283500,296900,491900,508400,491900,508400,491900,456100,850.34,21.25,60.75,18.5,70,,,0,2800,,2800,,2800,,,,,,,,Deloitte & Touche LLP,,Deloitte & Touche LLP,,Deloitte & Touche LLP,,,,,BB+,2024-09-23 15:13:32,Stable,2024-09-23 15:13:32,363900,68500,363900,68500,86900,101000
Nevada Canyon Gold Corp. (OTCQX:NGLD),4630283,IQ264097616,,,,,,,8367.87,8367.87,8367.87,,8367.87,9181.083,1402.13,1402.13,1402.13,,1402.13,1526.118,16.756,16.756,16.756,,16.756,16.622,5502.864,5502.864,5502.864,,5502.864,6315.623,1402.13,1402.13,1402.13,,1402.13,1526.118,0,0,0,,0,0,6965.74,6965.74,6965.74,,6965.74,7654.965,3.925,3.925,3.925,,3.925,4.138,3.891,3.891,3.891,,3.891,4.01,5455.294,5455.294,5455.294,,5455.294,6119.919,-12455.131,-12455.131,-12455.131,,-12455.131,-11518.276,-3959.049,-972.894,-3959.049,,-972.894,-1622.365,,,,,,,,,,,,,,,,,,,-3730.97,-936.855,-3730.97,,-936.855,-1546.728,,,,,,,4100.734,4100.734,4100.734,,4100.734,4789.505,13.2524923846,0.43,1.25,0.37,1,,,0,,,,,,,,,,,,,,,,,,,,,,,,,,,,,,,
ID Global Corporation (OTCEM:IDGC),4773179,IQ2460959,596.471,103.39,,,,,398.384,358.323,,,,,94.223,107.722,,,,,23.651,30.063,,,,,204.884,169.184,,,,,89.192,102.691,,,,,5.031,5.031,,,,,304.161,250.601,,,,,2.297,1.648,,,,,2.297,1.648,,,,,152.805,114.013,,,,,-1959.581,-3516.08,,,,,-1302.393,-711.949,,,,,,,,,,,52.079,55.171,,,,,,,,,,,-1288.852,-711.338,,,,,363.333,76.562,,,,,115.692,66.493,,,,,0.0264008056,,0.0001,1e-06,,,,,,,,,,,,,,,,,Hawkins Accounting,,,,,,,,,,,,,-1268.555,-703.489,,,,
"Ironstone Properties, Inc. (OTCEM:IRNS)",4773285,IQ3162379,,,,,,,3277.004,3277.004,3277.004,,3277.004,3167.526,3703.399,3703.399,3703.399,,3703.399,3640.02,113.012,113.012,113.012,,113.012,114.917,115.646,115.646,115.646,,115.646,6.167,477.425,477.425,477.425,,477.425,469.977,3574.817,3574.817,3574.817,,3574.817,3518.886,-426.395,-426.395,-426.395,,-426.395,-472.494,0.242,0.242,0.242,,0.242,0.013,0.242,0.242,0.242,,0.242,0.013,115.646,115.646,115.646,,115.646,6.167,-25264.274,-25264.274,-25264.274,,-25264.274,-25264.274,-89.275,-24.346,-89.275,,-24.346,-24.403,,,,,,,,,,,,,,,,,,,-214.756,29.417,-214.756,,29.417,-86.179,,,,,,,-361.779,-361.779,-361.779,,-361.779,-463.81,0.00545391,,0.002,0.002,,,,,,,,,,,,,,,,,,,,,,,,,,,,,,,,,,,
"Avem Health Partners, Inc. (OTCEM:FPCG)",4810330,IQ405981,19392,6291,,,,,37346,41942,,,,,28062,24565,,,,,75.141,58.569,,,,,14752,19364,,,,,6874,3830,,,,,7549,5822,,,,,9284,17377,,,,,2.146,5.056,,,,,2.134,5.002,,,,,982,1890,,,,,-84747,-76952,,,,,6437,2451,,,,,,,,,,,13690,17266,,,,,,,,,,,5773,2301,,,,,19392,6291,,,,,7878,15534,,,,,15.16795,,,,99,,,-2,3,,,,,,,,,,,,Whitley Penn,,,,,,,,,,,,,6446,2451,,,,
"Cross Country Healthcare, Inc. (NASDAQGS:CCRN)",4810770,IQ27189,1054293,236761,1054293,,236761,250052,448951,448951,448951,,448951,538231,126129,126129,126129,,126129,130089,28.094,28.094,28.094,,28.094,24.17,293589,293589,293589,,293589,295113,77756,77756,77756,,77756,85544,2318,2318,2318,,2318,2204,322822,322822,322822,,322822,408142,3.776,3.776,3.776,,3.776,3.45,3.609,3.609,3.609,,3.609,3.375,108738,108738,108738,,108738,99132,123207,123207,123207,,123207,206136,2538,-1455,2538,,-1455,804,,,,,,,171856,171856,171856,,171856,189600,,,,,,,-94852,-82929,-94852,,-82929,-4774,213571,47982,213571,,47982,50927,215833,215833,215833,,215833,209569,331.97382417,10.23,14.99,7.43,3952,,,-1,7890,7890,7890,,7890,,,,,,,,Deloitte & Touche LLP,Deloitte & Touche LLP,Deloitte & Touche LLP,,Deloitte & Touche LLP,,,,,NR,2005-11-22 10:53:31,NR,2005-11-22 10:53:31,18532,1578,18532,,1578,4892
"Monarch Staffing, Inc. (OTCEM:MSTF)",4812545,IQ26000252,7727.646,1827.307,,,,,2620.548,2748.225,,,,,3689.83,4689.973,,,,,140.804,170.655,,,,,1300.061,1465.285,,,,,1846.859,2350.751,,,,,2307.106,3208.003,,,,,-1069.282,-1941.748,,,,,0.704,0.623,,,,,0.704,0.623,,,,,0.001,3.214,,,,,-617.812,-1736.728,,,,,-225.964,-73.091,,,,,,,,,,,1300.06,1462.071,,,,,,,,,,,-866.452,-368.09,,,,,1129.969,291.946,,,,,-546.798,-885.466,,,,,3.02879e-05,,1e-06,1e-06,1,,,0,26,,,,,,,,,,,,"Chisholm, Bierwolf & Nilson, LLC",,,,,,,,,,,,,-224.315,,,,,
Trees Corporation (OTCPK:CANN),4863239,IQ244681951,18136.88,3310.259,,,,,23246.893,21159.317,,,,,23098.734,23782.654,,,,,99.363,112.398,,,,,2354.368,1305.721,,,,,7365.233,8143.374,,,,,17877.484,17422.643,,,,,148.159,-2623.337,,,,,0.32,0.16,,,,,0.147,0.031,,,,,969.676,245.367,,,,,-100484.34,-103535.443,,,,,-3974.658,-271.639,,,,,,,,,,,111.863,7.038,,,,,,,,,,,-7082.258,-509.009,,,,,6572.494,1352.804,,,,,-5010.865,-6837.653,,,,,3.510374808,0.0231,0.0569,0.0103,4,,,0,91,,,,,,,,,,,,Haynie & Company,,,,,,,,,,,,,-3100.246,-41.136,,,,
"Rooshine, Inc. (OTCPK:RSAU)",4910548,IQ254698545,,,,,,,218.668,218.668,,,,,331.073,331.073,,,,,151.404,151.404,,,,,36.206,36.206,,,,,305.629,305.629,,,,,197.47,197.47,,,,,-112.405,-112.405,,,,,0.118,0.118,,,,,0.001,0.001,,,,,0.393,0.393,,,,,-96.118,-96.118,,,,,-22.963,-5.312,,,,,,,,,,,17.927,17.927,,,,,,,,,,,-37.245,-11.83,,,,,,,,,,,-269.423,-269.423,,,,,5.18663245,,0.3199,0.1876,0,,,,,,,,,,,,,,,,,,,,,,,,,,,,,-21.552,-4.959,,,,
Veltex Corporation (OTCQB:VLXC),4913716,IQ1032733,70131.941,16976.131,,,,,53468.837,53468.837,,,,,3387.01,3387.01,,,,,6.335,6.335,,,,,34635.782,34635.782,,,,,1788.68,1788.68,,,,,1598.33,1598.33,,,,,50081.827,50081.827,,,,,19.364,19.364,,,,,7.77,7.77,,,,,1011.66,1011.66,,,,,38215.138,38215.138,,,,,5545.246,-236.348,,,,,,,,,,,12886.822,12886.822,,,,,,,,,,,5545.246,-236.348,,,,,18820.63,3571.837,,,,,32847.102,32847.102,,,,,5.0833869518,0.03,0.0949,0.03,1,,,0,,,,,,,,,,,,,,,,,,,,,,,,,,9027.794,634.289,,,,
"Progressive Green Solutions, Inc. (OTCEM:PGSC)",4914094,IQ260380817,4848.534,792.215,,,,,2166.013,3296.398,,,,,3797.613,6605.108,,,,,175.327,200.373,,,,,1042.471,1055.294,,,,,3714.347,5174.641,,,,,1439.462,3675.074,,,,,-1631.6,-3308.71,,,,,0.281,0.204,,,,,0.271,0.179,,,,,0.521,100.01,,,,,-4602.912,-6793.042,,,,,-2156.125,-852.309,,,,,,,,,,,1007.099,824.492,,,,,,,,,,,-2337.742,-748.941,,,,,180.096,-246.563,,,,,-2671.876,-4119.347,,,,,0.0215904084,,0.0004,0.0001,0,,,,31,,,,,,,,,,,,"Li & Company, PC",,,,,,,,,,,,,-2005.937,-760.509,,,,
Booz Allen Hamilton Holding Corporation (NYSE:BAH),4963866,IQ160233,11980000,2620000,11980000,2924000,2974627,2917000,7312000,7051000,7312000,7170000,7312000,6820989,6309000,6026000,6309000,6105000,6309000,5611072,86.283,85.463,86.283,85.146,86.283,82.262,3313000,3077000,3313000,3135000,3313000,2846393,1846000,1703000,1846000,1760000,1846000,1814329,4219000,4137000,4219000,4185000,4219000,3598018,1003000,1025000,1003000,1065000,1003000,1209917,1.795,1.807,1.795,1.781,1.795,1.569,1.751,1.72,1.751,1.703,1.751,1.477,885000,882000,885000,711000,885000,453539,3070000,3511000,3070000,3271000,3070000,2947426,1249000,255000,1249000,293000,269288,291000,,,,,,,2347000,2048000,2347000,2286000,2347000,2223712,,,,,,,935000,200000,935000,271000,192705,187000,2781000,603000,2781000,650000,666292,673000,1467000,1374000,1467000,1375000,1467000,1032064,9387.06723976,78.11,130.91,73.9285,34187,,,-1,35800,31600,35800,33400,35800,35900,,,,,,,Ernst & Young LLP,,Ernst & Young LLP,,Ernst & Young LLP,,,,,,,,,1414000,295000,1414000,333000,310947,331000
"Green Leaf Innovations, Inc. (OTCPK:GRLF)",4965722,IQ350439,,,,,,,0.039,600,,,,,1016.925,817.154,,,,,2607500,136.192,,,,,0.039,,,,,,218.636,817.154,,,,,388.001,223.32,,,,,-1016.886,-217.154,,,,,0,,,,,,0,,,,,,0.039,,,,,,-17032.548,-12167.332,,,,,-263.643,-11.369,,,,,,,,,,,,,,,,,,,,,,,409.248,-11.369,,,,,,,,,,,-218.597,-817.154,,,,,0.138805416,0.0189,0.5,0.0002,,,,,10,,,,,,,,,,,,,,,,,,,,,,,,,,,,,,
"Network-1 Technologies, Inc. (NYSEAM:NTIP)",4965942,IQ393883,150,0,150,,0,,40332,40332,40332,,40332,41034,770,770,770,,770,512,1.909,1.909,1.909,,1.909,1.248,37106,37106,37106,,37106,37263,770,770,770,,770,407,0,0,0,,0,0,39562,39562,39562,,39562,40522,48.19,48.19,48.19,,48.19,91.555,47.882,47.882,47.882,,47.882,91.147,13402,13402,13402,,13402,7708,-24092,-24092,-24092,,-24092,-23052,-3306,-1141,-3306,,-1141,-800,,,,,,,,,,,,,,,,,,,-2420,-1034,-2420,,-1034,-560,108,0,108,,0,,36336,36336,36336,,36336,36856,32.82236352,1.46,1.9,1.16,0,,,,2,2,2,,2,,,,,,,,"Grassi & Co., CPAs, P.C.","Grassi & Co., CPAs, P.C.","Grassi & Co., CPAs, P.C.",,"Grassi & Co., CPAs, P.C.",,,,,,,,,-3165,-1104,-3165,,-1104,-763
"Ladybug Resource Group, Inc. (OTCPK:LBRG)",4971469,IQ47898569,9.309,,,,,,9.175,26.837,,,,,105.013,137.654,,,,,1144.556,512.926,,,,,4.493,22.58,,,,,105.013,137.654,,,,,19.416,45.328,,,,,-95.838,-110.817,,,,,0.043,0.164,,,,,0.004,0.024,,,,,0.428,3.334,,,,,-168.728,-183.707,,,,,-28.811,-13.56,,,,,,,,,,,,15,,,,,,,,,,,-54.607,-14.979,,,,,4.809,,,,,,-100.52,-115.074,,,,,3.300495434,,0.0155,0.0034,,,,,,,,,,,,,,,,,"Li & Company, PC",,,,,,,,,,,,,-27.107,-13.135,,,,
Agavenny Corporation (OTCEM:AGNY),4971542,IQ50911485,,,,,,,0.032,0.032,,,,,9.368,16.075,,,,,29275,50234.375,,,,,0.032,0.032,,,,,9.368,16.075,,,,,9.368,16.03,,,,,-9.336,-16.043,,,,,0.003,0.002,,,,,0.003,0.002,,,,,0.032,0.032,,,,,-84.336,-91.043,,,,,-10.386,-6.707,,,,,,,,,,,,,,,,,,,,,,,-10.386,-6.707,,,,,,,,,,,-9.336,-16.043,,,,,0.072,,,,,,,,,,,,,,,,,,,,"Thomas J. Harris, CPA",,,,,,,,,,,,,,,,,,
"WeedHire International, Inc. (OTCEM:WDHR)",4972100,IQ108907715,3900.15,1061.36,,,,,645.193,722.791,,,,,2100.063,1999.373,,,,,325.494,276.618,,,,,448.195,605.367,,,,,2054.703,1942.476,,,,,706.818,941.279,,,,,-1454.87,-1276.582,,,,,0.218,0.312,,,,,0.166,0.236,,,,,192.086,314.622,,,,,-10813.597,-14816.483,,,,,-1552.988,135.256,,,,,,,,,,,149.714,143.914,,,,,,,,,,,-1939.423,-458.523,,,,,1466.994,645.342,,,,,-1606.508,-1337.109,,,,,0.0086756521,,0.0001,1e-06,1,,,0,19,,,,,,,,,,,,"D’Arelli Pruzansky,  P.A",,,,,,,,,,,,,-1464.894,152.7,,,,
"Rightscorp, Inc. (OTCPK:RIHT)",4972770,IQ242412668,778.215,122.514,,,,,124.233,26.239,,,,,2216.293,2425.941,,,,,1783.981,9245.554,,,,,70.12,23.236,,,,,2216.293,2425.941,,,,,90.802,50,,,,,-2092.06,-2399.702,,,,,0.032,0.01,,,,,0.002,0.001,,,,,5.047,3.147,,,,,-11883.691,-13332.59,,,,,-1632.065,-479.079,,,,,,,,,,,,0.222,,,,,,,,,,,-1355.747,-380.477,,,,,563.562,99.59,,,,,-2146.173,-2402.705,,,,,1.3798410335,,0.0187,0.0037,6,,,0,10,,,,,,,,,,,,"Weinberg & Company, P.A.",,,,,,,,,,,,,-1543.658,-462.796,,,,
Conduent Incorporated (NASDAQGS:CNDT),4973290,IQ323756013,3042000,770000,3042000,,770000,767000,2397000,2397000,2397000,,2397000,2500000,1570000,1570000,1570000,,1570000,1641000,65.499,65.499,65.499,,65.499,65.64,1069000,1069000,1069000,,1069000,1154000,681000,681000,681000,,681000,702000,841000,841000,841000,,841000,882000,827000,827000,827000,,827000,859000,1.57,1.57,1.57,,1.57,1.644,1.288,1.288,1.288,,1.288,1.321,233000,233000,233000,,233000,248000,-2613000,-2613000,-2613000,,-2613000,-2577000,-73000,-3000,-73000,,-3000,-12000,,,,,,,644000,644000,644000,,644000,679000,,,,,,,-170000,-33000,-170000,,-33000,-46000,552000,146000,552000,,146000,136000,388000,388000,388000,,388000,452000,263.6645838,1.73,2.98,1.15,21189,,,-1,51000,51000,51000,,51000,53000,,,,,,,PricewaterhouseCoopers LLP,PricewaterhouseCoopers LLP,PricewaterhouseCoopers LLP,,PricewaterhouseCoopers LLP,,,,,B-,2026-05-01 12:36:41,Negative,2026-05-01 12:36:41,54000,47000,54000,,47000,36000
"STWC Holdings, Inc. (OTCEM:STWC)",4979572,IQ260346382,136.537,190.745,,,,,573.813,1142.992,,,,,1775.222,3131.173,,,,,309.373,273.945,,,,,108.885,80.832,,,,,1601.982,2805.676,,,,,479.543,1384.945,,,,,-1201.409,-1988.181,,,,,0.068,0.029,,,,,0.037,0.008,,,,,2.965,5.818,,,,,-8440.108,-10204.683,,,,,-1732.541,-348.417,,,,,,,,,,,56.459,17.016,,,,,,,,,,,-2275.276,-638.483,,,,,25.776,134.013,,,,,-1493.097,-2724.844,,,,,0.0010304496,,0.0004,1e-06,0,,,,,,,,,,,,,,,,B F Borgers CPA PC,,,,,,,,,,,,,-1730.715,-347.945,,,,
"XR Energy, Inc. (OTCEM:XREG)",4979679,IQ260883421,,16.242,,,,,,217.455,,,,,,259.496,,,,,,119.333,,,,,,24.84,,,,,,196.701,,,,,,77.5,,,,,,-42.041,,,,,,0.126,,,,,,0.126,,,,,,24.31,,,,,,-21491.858,,,,,,-75.212,,,,,,,,,,,,0.53,,,,,,,,,,,,-76.212,,,,,,-27.913,,,,,,-171.861,,,,,0.0032893774,,0.0001,1e-06,,,,,,,,,,,,,,,,,,,,,,,,,,,,,,,-72.473,,,,
"BlackPoll Fleet International, Inc. (OTCEM:BPOL)",4987522,IQ225448462,317.155,18.696,,,,,125.518,40.015,,,,,215.931,410.624,,,,,172.032,1026.175,,,,,124.387,39.156,,,,,210.431,333.451,,,,,46.058,201.563,,,,,-90.413,-370.609,,,,,0.591,0.117,,,,,0.277,0.116,,,,,14.666,38.624,,,,,-2109.973,-2392.153,,,,,-285.817,-160.45,,,,,,,,,,,43.629,,,,,,,,,,,,-286.214,-163.159,,,,,317.155,-12.804,,,,,-86.044,-294.295,,,,,0.0025040909,,0.0001,0.0001,,,,,,3,,,,,,,,,,,Russell Bedford Stefanou Mirchandani LLP - RBSM LLP,,,,,,,,,,,,,-285.275,-160.315,,,,
"Umbra Applied Technologies Group, Inc. (OTCEM:UATG)",4987564,IQ1080886,,,,,,,1057.671,4937.214,,,,,280.167,282.368,,,,,26.489,5.719,,,,,710.637,3847.214,,,,,280.167,282.368,,,,,125,125,,,,,777.504,4654.846,,,,,2.536,13.625,,,,,2.536,2.517,,,,,710.637,710.637,,,,,-762.246,-965.204,,,,,-209.881,-178.424,,,,,,,,,,,,,,,,,,,,,,,-213.939,-202.958,,,,,,,,,,,430.47,3564.846,,,,,0.1942683266,0.0001,0.0042,0.0001,1,,,0,,,,,,,,,,,,,,,,,,,,,,,,,,-206.65,-177.616,,,,
"TSS, Inc. (NASDAQCM:TSSI)",4988279,IQ21826802,245719,60907,245719,,60907,41883,184935,184935,184935,,184935,165412,108300,108300,108300,,108300,102002,58.561,58.561,58.561,,58.561,61.665,118630,118630,118630,,118630,100331,72567,72567,72567,,72567,66010,41637,41637,41637,,41637,41348,76635,76635,76635,,76635,63410,1.635,1.635,1.635,,1.635,1.52,1.392,1.392,1.392,,1.392,1.331,85510,85510,85510,,85510,70696,-45210,-45210,-45210,,-45210,-57370,10639,5221,10639,,5221,-931,,,,,,,15512,15512,15512,,15512,17138,,,,,,,15125,12160,15125,,12160,-1497,35054,12367,35054,,12367,5662,46063,46063,46063,,46063,34321,420.20695808,15.28,31.94,6.67,126,,,2,286,286,286,,286,,,,,,,,BDO LLP,BDO LLP,BDO LLP,,BDO LLP,,,,,,,,,14404,6577,14404,,6577,424
"Commodore Applied Technologies, Inc. (OTCEM:CXIA)",4988545,IQ348962,3086,808,,,,,615,901,,,,,18201,19160,,,,,2959.512,2126.526,,,,,499,799,,,,,18198,19159,,,,,9579,9881,,,,,-17586,-18259,,,,,0.027,0.042,,,,,0.024,0.04,,,,,212,81,,,,,-85811,-86414,,,,,-1226,-273,,,,,,,,,,,227,676,,,,,,,,,,,-2444,-601,,,,,82,96,,,,,-17699,-18360,,,,,8.1163e-06,,,,,,,,29,,,,,,,,,,,,"Assure CPA, LLC",,,,,,,,,,,,,-1143,-259,,,,
"Embarr Downs, Inc. (OTCPK:EMBR)",4988631,IQ244670102,106.367,79.919,,,,,804.539,804.539,,,,,794.11,794.11,,,,,98.704,98.704,,,,,285.529,285.529,,,,,133.732,133.732,,,,,232.547,232.547,,,,,10.429,10.429,,,,,2.135,2.135,,,,,1.14,1.14,,,,,23.973,23.973,,,,,-1844.776,-1844.776,,,,,-1730.447,-349.157,,,,,,,,,,,10,10,,,,,,,,,,,-1796.729,-415.439,,,,,29.2,21.779,,,,,151.797,151.797,,,,,1.036948372,0.001,0.0019,0.0002,,,,,,,,,,,,,,,,,"Malone & Bailey, PLLC","Malone & Bailey, PLLC",,,,,,,,,,,,-1709.571,-344.574,,,,
"Eurotech, Ltd. (OTCEM:EUOT)",4989190,IQ228826,,,,,,,2616.012,2616.317,,,,,1645.6,1980.394,,,,,62.905,75.694,,,,,0.5,0.805,,,,,196,230.394,,,,,1609.6,1910,,,,,970.412,635.923,,,,,0.003,0.003,,,,,0.003,0.003,,,,,0.5,0.805,,,,,,,,,,,-82.408,-43.315,,,,,,,,,,,,,,,,,,,,,,,-82.408,-43.315,,,,,,,,,,,-195.5,-229.589,,,,,0.004796292,,0.1,1e-06,,,,,,,,,,,,,,,,,,,,,,,,,,,,,,,,,,,
"Frontera Group, Inc. (OTCEM:FRTG)",4989881,IQ271561510,372.69,252.5,,,,,5311.838,5280.09,,,,,6452.796,6622.936,,,,,121.48,125.432,,,,,374.338,467.59,,,,,5365.012,5535.152,,,,,35.37,140.37,,,,,-1140.958,-1342.846,,,,,0.07,0.084,,,,,0.07,0,,,,,1.648,0.001,,,,,-1456.327,-2044.215,,,,,-458.147,-100.361,,,,,,,,,,,372.69,,,,,,,,,,,,-1320.55,-125.361,,,,,-46.66,-30.226,,,,,-4990.674,-5067.562,,,,,0.0077396815,,0.0001,0.0001,0,,,,3,,,,,,,,,,,,"Wei, Wei & Co., LLP",,,,,,,,,,,,,-395.647,-37.861,,,,
"Simon Worldwide, Inc. (OTCEM:SWWI)",4989891,IQ27312,,,,,,,1344,626,,,,,167,77,,,,,12.426,12.3,,,,,1121,442,,,,,167,77,,,,,0,0,,,,,1177,549,,,,,6.713,5.74,,,,,6.24,4.805,,,,,1042,334,,,,,-155623,-156249,,,,,-1090,-234,,,,,,,,,,,,36,,,,,,,,,,,-6991,-150,,,,,,,,,,,954,365,,,,,0.0074501559,,0.0001,1e-06,,,,,,,,,,,,,,,,,Ernst & Young LLP,,,,,,,,,,,,,,,,,,
Crown Equity Holdings Inc. (OTCPK:CRWE),4989894,IQ796968,0.777,0.2,0.777,,0.2,0.279,8.572,8.572,8.572,,8.572,5.736,322.634,322.634,322.634,,322.634,325.989,3763.812,3763.812,3763.812,,3763.812,5683.211,8.572,8.572,8.572,,8.572,5.736,322.634,322.634,322.634,,322.634,325.989,169.712,169.712,169.712,,169.712,164.871,-314.062,-314.062,-314.062,,-314.062,-320.253,0.027,0.027,0.027,,0.027,0.018,0.007,0.007,0.007,,0.007,0.009,2.272,2.272,2.272,,2.272,3.092,-18771.552,-18771.552,-18771.552,,-18771.552,-18717.468,-71.831,-9.557,-71.831,,-9.557,-24.6,,,,,,,,,,,,,,,,,,,-113.464,-54.084,-113.464,,-54.084,-31.798,0.777,0.2,0.777,,0.2,0.279,-314.062,-314.062,-314.062,,-314.062,-320.253,13.3866432,,3.39,0.634,6,,,0,,,,,,,,,,,,,"L J Soldinger Associates, LLC","L J Soldinger Associates, LLC","L J Soldinger Associates, LLC",,"L J Soldinger Associates, LLC",,,,,,,,,,,,,,
Valiant Eagle Inc. (OTCPK:PSRU),4990907,IQ1209785,6242.207,2687.543,,,,,29779.517,61602.872,,,,,1953.573,1992.484,,,,,6.56,3.234,,,,,13790.017,2465.48,,,,,8.1,8.1,,,,,1776.9,1776.9,,,,,27825.944,59610.388,,,,,NM,NM,,,,,54.323,14.257,,,,,328.017,3.48,,,,,10825.701,11713.081,,,,,698.714,953.622,,,,,,,,,,,112,112,,,,,,,,,,,26659.796,887.38,,,,,5916.654,2605.264,,,,,13781.917,2457.38,,,,,2.1460268251,0.0001,0.0002,1e-06,2,,,0,20,20,,,,,,,,,,,,,,,,,,,,,,,,,,,,,
"Comarco, Inc.",4991361,IQ261950,,,,,,,632,607,,,,,395,968,,,,,62.5,159.473,,,,,632,607,,,,,395,268,,,,,0,700,,,,,237,-361,,,,,1.6,2.265,,,,,1.565,2.198,,,,,618,589,,,,,-19634,-20251,,,,,-859,-199,,,,,,,,,,,,,,,,,,,,,,,845,-199,,,,,472,,,,,,237,339,,,,,,,,,,,,,1,1,,,,,,,,,,,"Squar Milner LLP - Squar Milner Reehl & Williamson, LLP",,,,,,,,,,,,,-857,-198.5,,,,
"Legends Business Group, Inc. (OTCEM:LGBS)",4994405,IQ32607227,,,,,,,558.863,476.026,,,,,1019.297,540.238,,,,,182.388,113.489,,,,,3.863,6.026,,,,,229.297,156.126,,,,,790,384.112,,,,,-460.434,-64.212,,,,,0.017,0.039,,,,,0.006,0.025,,,,,1.363,3.976,,,,,-9541.112,-9139.812,,,,,-135.386,-14.792,,,,,,,,,,,,,,,,,,,,,,,64.414,-26.934,,,,,,-12.5,,,,,-225.434,-150.1,,,,,0.003068255,,1e-06,1e-06,4,,,0,,,,,,,,,,,,,,,,,,,,,,,,,,,,,,,
Quest Patent Research Corporation (OTCQB:QPRC),4996117,IQ3176640,,,,,,,10437.519,10437.519,10437.519,,10437.519,11012.559,27630.518,27630.518,27630.518,,27630.518,22910.535,264.723,264.723,264.723,,264.723,208.04,207.256,207.256,207.256,,207.256,194.432,27426.853,27426.853,27426.853,,27426.853,22706.87,25348.016,25348.016,25348.016,,25348.016,20883.356,-17192.999,-17192.999,-17192.999,,-17192.999,-11897.976,0.008,0.008,0.008,,0.008,0.009,0.007,0.007,0.007,,0.007,0.008,192.606,192.606,192.606,,192.606,175.141,-34874.18,-34874.18,-34874.18,,-34874.18,-29579.157,-3618.068,-963.295,-3618.068,,-963.295,-1011.617,,,,,,,8.251,8.251,8.251,,8.251,8.251,,,,,,,-8491.508,-5295.023,-8491.508,,-5295.023,-1230.309,,,,,,,-27219.597,-27219.597,-27219.597,,-27219.597,-22512.438,1.2428829063,0.21645,0.3435,0.0521,9,,,0,2,2,2,,2,1,,,,,,,Rosenberg Rich Baker Berman & Company,Rosenberg Rich Baker Berman & Company,Rosenberg Rich Baker Berman & Company,,Rosenberg Rich Baker Berman & Company,,,,,,,,,-1810.081,-375.431,-1810.081,,-375.431,-423.752
"American Cannabis Company, Inc. (OTCEM:AMMJ)",4996134,IQ263924687,2476.185,431.878,,,,,2829.083,2121.248,,,,,2827.533,2757.201,,,,,99.945,129.98,,,,,900.378,419.12,,,,,2167.519,2196.406,,,,,1159.905,960.024,,,,,1.55,-635.953,,,,,0.415,0.191,,,,,0.118,0.063,,,,,21.085,2.747,,,,,-13741.125,-14509.847,,,,,-2519.039,-556.747,,,,,,,,,,,234.33,136.624,,,,,,,,,,,-3660.416,-636.172,,,,,1041.883,-303.104,,,,,-1267.141,-1777.286,,,,,0.0185800915,0.0001,0.01,1e-06,20,,,0,9,,,,,,,,,,,,"Hudgens CPA, PLLC",,,,,,,,,,,,,-2277.258,-496.634,,,,
"Resources Connection, Inc. (NASDAQGS:RGP)",4996142,IQ97493,551331,107930,551331,120229,139340,129438,304688,274114,304688,287211,304688,375625,97607,87430,97607,80852,97607,97799,32.035,31.895,32.035,28.151,32.035,26.036,203686,181088,203686,188248,203686,195193,75402,66119,75402,58614,75402,74213,25305,24359,25305,25353,25305,26553,207081,186684,207081,206359,207081,277826,2.701,2.739,2.701,3.212,2.701,2.63,2.565,2.567,2.565,3.05,2.565,2.456,86147,82764,86147,77518,86147,72495,-121575,-155521,-121575,-126881,-121575,-45891,5476,-3647,5476,-1563,5907,-4289,,,,,,,107293,86952,107293,101282,107293,109809,,,,,,,-191780,-9467,-191780,-2405,-73306,-44052,207424,38579,207424,47469,55977,45374,128284,114969,128284,129634,128284,120980,144.52653824,4.38,6.2976,3.055,2884,,,-2,687,614,687,667,687,722,,,,,,,McGladrey LLP - RSM  LLP,,McGladrey LLP - RSM  LLP,,McGladrey LLP - RSM  LLP,,,,,,,,,13224,-2572,13224,-22,7728,-2418
"First Foods Group, Inc. (OTCEM:FIFG)",4996245,IQ308512558,84.795,0.513,,,,,53.956,49.206,,,,,5219.279,5807.085,,,,,9673.213,11801.579,,,,,29.896,25.146,,,,,5039.896,5657.085,,,,,2498.793,2656.938,,,,,-5165.323,-5757.879,,,,,0.006,0.004,,,,,0,0,,,,,0.525,-0.232,,,,,-16768.055,-17378.014,,,,,-1031.331,-182.824,,,,,,,,,,,,,,,,,,,,,,,-1432.597,-181.144,,,,,5.258,0.513,,,,,-5010,-5631.939,,,,,0.0027058338,,0.0002,1e-06,0,,,,,,,,,,,,,,,,Russell Bedford Stefanou Mirchandani LLP - RBSM LLP,,,,,,,,,,,,,-973.624,-168.397,,,,
Kbridge Energy Corp.,4996404,IQ4449058,715.466,24.007,,,,,639.79,113.705,,,,,726.236,610.917,,,,,113.512,537.282,,,,,639.79,113.705,,,,,722.095,606.776,,,,,177.068,492.106,,,,,-86.446,-497.212,,,,,0.886,0.187,,,,,0.781,0.023,,,,,46.609,1.763,,,,,-2707.776,-3118.542,,,,,446.917,-26.599,,,,,,,,,,,168.726,99.475,,,,,,,,,,,559.039,12.798,,,,,684.293,19.315,,,,,-82.305,-493.071,,,,,0.0014522727,,,,,,,,,,,,,,,,,,,,Buckley Dodds Parker LLP,,,,,,,,,,,,,451.105,-25.552,,,,
"Kelly Services, Inc. (NASDAQGS:KELY.A)",4996499,IQ282655,4250900,1049200,4250900,,1049200,935000,2250600,2250600,2250600,,2250600,2393100,1274100,1274100,1274100,,1274100,1278000,56.612,56.612,56.612,,56.612,53.404,1268300,1268300,1268300,,1268300,1279800,821800,821800,821800,,821800,806500,159100,159100,159100,,159100,177500,976500,976500,976500,,976500,1115100,1.543,1.543,1.543,,1.543,1.587,1.487,1.487,1.487,,1.487,1.52,33000,33000,33000,,33000,30100,965100,965100,965100,,965100,1096600,54900,6000,54900,,6000,3100,,,,,,,1188700,1188700,1188700,,1188700,1195600,,,,,,,-254100,-128800,-254100,,-128800,-150100,853000,197000,853000,,197000,194000,446500,446500,446500,,446500,473300,353.60330228,9.63,14.94,7.98,20381,,,0,4900,4900,4900,,4900,,,,,,,,PricewaterhouseCoopers LLP,PricewaterhouseCoopers LLP,PricewaterhouseCoopers LLP,,PricewaterhouseCoopers LLP,,,,,,,,,97300,16400,97300,,16400,13600
CTPartners Executive Search Inc. (OTCEM:CTPR),4996506,IQ786956,172533,34676,,,,,92357,83110,,,,,69603,58176,,,,,75.363,69.999,,,,,58998,49653,,,,,65408,54499,,,,,25036,21069,,,,,22754,24934,,,,,0.902,0.911,,,,,0.681,0.681,,,,,5215,5366,,,,,-10935,-12061,,,,,8642,-1298,,,,,,,,,,,39343,31764,,,,,,,,,,,3307,-1126,,,,,44306,10412,,,,,-6410,-4846,,,,,0.0008753,,0.0002,1e-06,61,,,0,631,,,,,,,,,,,,McGladrey LLP - RSM  LLP,,,,,,,,,,,,,11003,-757,,,,
"Labwire, Inc. (OTCEM:LBWR)",4996517,IQ20506673,,1136.31,,,,,,1481.188,,,,,22.753,1590.488,,,,,,107.379,,,,,,786.461,,,,,,1576.981,,,,,0,823.552,,,,,-22.753,-109.3,,,,,,0.499,,,,,,0.453,,,,,,147.845,,,,,-848.626,-922.673,,,,,-21.529,132.448,,,,,,,,,,,,566.162,,,,,,,,,,,-22.751,125.982,,,,,-1.857,527.762,,,,,,-790.52,,,,,0.0716796004,,0.000401,0.0001,,,,,4,,,,,,,,,,,,,,,,,,,,,,,,,,152.027,,,,
"Global IT Holdings, Inc. (OTCEM:GITH)",4996524,IQ11867226,3771.758,944.486,,,,,1921.69,1564.994,,,,,3977.22,6265.498,,,,,206.965,400.353,,,,,767.333,653.014,,,,,3739.606,6265.498,,,,,2314.126,2754.779,,,,,-2055.53,-4700.504,,,,,0.205,0.104,,,,,0.204,0.097,,,,,59.705,55.318,,,,,-2379.823,-7072.387,,,,,-1422.882,-2409.778,,,,,,,,,,,702.205,555.196,,,,,,,,,,,-1763.369,-532.759,,,,,1244.683,301.328,,,,,-2972.273,-5612.484,,,,,0.000732007,,,,,,,,,,,,,,,,,,,,"Wiener, Goodman & Company, PC",,,,,,,,,,,,,-1118.882,-2333.778,,,,
"Afinida, Inc. (OTCPK:TREP)",4996537,IQ12785995,22992.409,5784.865,,,,5784.865,7976.216,7586.389,,,,7586.389,6466.444,7452.538,,,,7452.538,81.072,98.236,,,,98.236,7031.315,6668.727,,,,6668.727,6350.521,7368.848,,,,7368.848,155.664,196.813,,,,196.813,1509.772,133.851,,,,133.851,1.107,0.905,,,,0.905,1.002,0.819,,,,0.819,3120.867,138.997,,,,138.997,-6251.001,-7626.922,,,,-7626.922,1757.687,-409.678,,,,-409.678,,,,,,,3245.102,5897.952,,,,5897.952,,,,,,,1308.094,-541.392,,,,-541.392,14825.56,2530.661,,,,2530.661,680.794,-700.121,,,,-700.121,0.89757536,,0.05,0.0086,6,,,0,,,,,,,,,,,,,,,,,,,,,,,,,,1761.7,-407.564,,,,-407.564
"BGSF, Inc. (NYSE:BGSF)",4996548,IQ39131532,93310,22026,93310,,22026,26895,57837,57837,57837,,57837,83573,9732,9732,9732,,9732,32887,16.827,16.827,16.827,,16.827,39.351,38450,38450,38450,,38450,63987,9334,9334,9334,,9334,32484,1156,1156,1156,,1156,1375,48105,48105,48105,,48105,50686,4.119,4.119,4.119,,4.119,1.97,3.468,3.468,3.468,,3.468,1.757,19018,19018,19018,,19018,41170,-21874,-21874,-21874,,-21874,-20714,-6834,-1365,-6834,,-1365,-905,,,,,,,13356,13356,13356,,13356,15901,,,,,,,-11430,-1160,-11430,,-1160,-5812,33333,7703,33333,,7703,9660,29116,29116,29116,,29116,31503,62.40401685,5.51,8.22,3.2,908,,,-2,189,189,189,,189,,,,,,,,Whitley Penn,Whitley Penn,Whitley Penn,,Whitley Penn,,,,,,,,,-5284,99,-5284,,99,-877
Korn Ferry (NYSE:KFY),4996551,IQ396922,2730088,717385,2730088,708613,712048,668729,3861224,3949608,3861224,3630597,3861224,3649659,1989085,1941643,1989085,1731784,1989085,1852382,51.514,49.16,51.514,47.7,51.514,50.755,1750138,1788475,1750138,1490902,1750138,1557320,955598,889555,955598,674400,955598,817757,571210,564547,571210,564035,571210,568092,1872139,2007965,1872139,1898813,1872139,1797277,1.831,2.011,1.831,2.211,1.831,1.904,1.71,1.859,1.71,2.01,1.71,1.755,1006964,938365,1006964,684855,1006964,779298,1588274,1716206,1588274,1628701,1588274,1549086,334525,87331,334525,79816,100385,78331,,,,,,,602758,691565,602758,647424,602758,630170,,,,,,,246062,65265,246062,66636,64244,58414,670339,176269,670339,166376,189539,161185,794540,898920,794540,816502,794540,739563,3448.41580202,66.32,78.499,58.95,11665,,,-1,9253,,9253,,9253,,,,,,,,Ernst & Young LLP,,Ernst & Young LLP,,Ernst & Young LLP,,,,,BB+,2026-03-17 10:22:14,Stable,2026-03-17 10:22:14,373812,110325,373812,102502,110206.75,98821
"St. Joseph, Inc. (OTCPK:STJO)",4996583,IQ10548794,,,,,,,0,27.756,,,,,812.806,816.195,,,,,,2940.607,,,,,0,27.756,,,,,812.806,816.195,,,,,74.7,74.7,,,,,-812.806,-788.439,,,,,0,0.034,,,,,0,0.034,,,,,,27.756,,,,,-4907.656,-4898.289,,,,,-240.766,-0.764,,,,,,,,,,,0,0,,,,,,,,,,,-135.889,-3.59,,,,,,,,,,,-812.806,-788.439,,,,,0.65507034,,0.031,0.0056,76,,,-1,1,,,,,,,,,,,,B F Borgers CPA PC,,,,,,,,,,,,,,,,,,
"Heidrick & Struggles International, Inc.",4996608,IQ401627,1098573,322837,,,,322837,1194188,1264262,,,,1264262,741371,755042,,,,755042,62.082,59.722,,,,59.722,772977,823636,,,,823636,483013,538975,,,,538975,100805,101282,,,,101282,452817,509220,,,,509220,1.6,1.528,,,,1.528,1.527,1.459,,,,1.459,515627,454640,,,,454640,205875,248195,,,,248195,76309,19161,,,,19161,,,,,,,173951,258370,,,,258370,,,,,,,8728,17646,,,,17646,263995,67357,,,,67357,289964,284661,,,,284661,1226.80969761,,,,2742,,,0,2201,2231,,,,2231,,,,,,,McGladrey LLP - RSM  LLP,,,,,,,,,,,,,95166,24544,,,,24544
"Mastech Digital, Inc. (NYSEAM:MHH)",4996669,IQ45821899,191371,45461,191371,,45461,48496,111840,111840,111840,,111840,112617,22532,22532,22532,,22532,24610,20.147,20.147,20.147,,20.147,21.853,68576,68576,68576,,68576,69290,21064,21064,21064,,21064,22572,2421,2421,2421,,2421,2753,89308,89308,89308,,89308,88007,3.256,3.256,3.256,,3.256,3.07,2.988,2.988,2.988,,2.988,2.729,36533,36533,36533,,36533,32747,56427,56427,56427,,56427,55454,901,-2193,901,,-2193,2520,,,,,,,26396,26396,26396,,26396,28863,,,,,,,609,972,609,,972,941,53056,12883,53056,,12883,13461,47512,47512,47512,,47512,46718,83.24869906,6.67,9.48,5.5,870,,,-1,1288,1288,1288,,1288,,,,,,,,UHY LLP,UHY LLP,UHY LLP,,UHY LLP,,,,,,,,,4225,-1390,4225,,-1390,3368
GEE Group Inc. (NYSEAM:JOB),4996686,IQ274653,96504,20516,96504,20516,23461,24523,59997,58943,59997,58943,59997,60564,9987,8970,9987,8970,9987,10169,16.646,15.218,16.646,15.218,16.646,16.791,31681,29483,31681,29483,31681,31678,7688,5540,7688,5540,7688,7566,3289,4239,3289,4239,3289,3589,50010,49973,50010,49973,50010,50395,4.121,5.322,4.121,5.322,4.121,4.187,4.04,5.232,4.04,5.232,4.04,4.015,21364,20149,21364,20149,21364,18622,-60479,-60629,-60479,-60629,-60479,-59966,-2836,-315,-2836,-315,-773,-476,,,,,,,9695,8836,9695,8836,9695,11752,,,,,,,-34747,-150,-34747,-150,-513,-423,33372,7405,33372,7405,8405,8681,23993,23943,23993,23943,23993,24112,25.544934495,0.23,0.2788,0.17,40,,,-2,173,,173,,173,,,,,,,,"Cherry Bekaert LLP - Cherry, Bekaert & Holland, LLP",,"Cherry Bekaert LLP - Cherry, Bekaert & Holland, LLP",,"Cherry Bekaert LLP - Cherry, Bekaert & Holland, LLP",,,,,,,,,-1778,-209,-1778,-209,-529,-202
"TrueBlue, Inc. (NYSE:TBI)",4996688,IQ361457,1615997,418178,1615997,,418178,431266,638667,638667,638667,,638667,690527,364110,364110,364110,,364110,386188,57.011,57.011,57.011,,57.011,55.927,297609,297609,297609,,297609,313242,138533,138533,138533,,138533,155702,123802,123802,123802,,123802,126416,274557,274557,274557,,274557,304339,2.148,2.148,2.148,,2.148,2.012,1.925,1.925,1.925,,1.925,1.754,24510,24510,24510,,24510,19893,296203,296203,296203,,296203,326145,-36641,-14231,-36641,,-14231,-104,,,,,,,242112,242112,242112,,242112,253154,,,,,,,-47960,-31536,-47960,,-31536,-1916,364669,86871,364669,,86871,97892,159076,159076,159076,,159076,157540,181.24828659,5.87,7.78,3.18,1622,,,-1,3500,3500,3500,,3500,,,,,,,,Deloitte & Touche LLP,Deloitte & Touche LLP,Deloitte & Touche LLP,,Deloitte & Touche LLP,,,,,,,,,-7789,-7036,-7789,,-7036,7241
DLH Holdings Corp. (NASDAQCM:DLHC),4996689,IQ266747,344497,68892,344497,68892,81160,83343,290663,283508,290663,283508,290663,299341,177705,171320,177705,171320,177705,185643,61.138,60.429,61.138,60.429,61.138,62.017,42537,39642,42537,39642,42537,49587,42671,41026,42671,41026,42671,45823,144973,149803,144973,149803,144973,155888,112958,112188,112958,112188,112958,113698,0.997,0.966,0.997,0.966,0.997,1.082,0.929,0.896,0.929,0.896,0.929,1.008,125,257,125,257,125,194,11210,9886,11210,9886,11210,12129,16786,1436,16786,1436,2280,3755,,,,,,,39505,36515,39505,36515,39505,46005,,,,,,,1362,-1324,1362,-1324,-919,289,65164,13497,65164,13497,12839,15923,-134,-1384,-134,-1384,-134,3764,82.0305781,5.63,8.1,3.89,786,,,-4,2300,,2300,,2300,,,,,,,,"WithumSmith+Brown, PC",,"WithumSmith+Brown, PC",,"WithumSmith+Brown, PC",,,,,,,,,33965,5736,33965,5736,6579,8063
"PBS Holding, Inc. (OTCEM:PBHG)",4996693,IQ967018,1110.839,18.5,,,,,1078.497,1275.707,,,,,1550.493,232.461,,,,,143.764,18.222,,,,,542.197,0.707,,,,,1099.571,50,,,,,906.636,182.461,,,,,-471.995,1043.246,,,,,0.493,0.014,,,,,0.46,0.014,,,,,,0.707,,,,,-1710.314,-6649.717,,,,,162.417,-4939.403,,,,,,,,,,,505.888,,,,,,,,,,,,169.496,-4939.403,,,,,942.133,18.5,,,,,-557.374,-49.293,,,,,0.006285,,0.0001,1e-06,,,,,,,,,,,,,,,,,,,,,,,,,,,,,,177.417,-4935.653,,,,
"Daniels Corporate Advisory Company, Inc.",4996745,IQ44427011,4384.842,335.366,,,,,1250.363,663.485,,,,,4473.803,4667.691,,,,,357.8,703.511,,,,,549.357,161.527,,,,,4033.75,4414.399,,,,,1747.884,1648.561,,,,,-3223.44,-4004.206,,,,,0.136,0.037,,,,,0.083,0.013,,,,,326.725,49.071,,,,,-12305.327,-14014.498,,,,,-57.149,-182.431,,,,,,,,,,,6.896,8.27,,,,,,,,,,,181.394,-293.457,,,,,1359.523,130.205,,,,,-3484.393,-4252.872,,,,,0.0017411991,,,,0,,,,,,,,,,,,,,,,,,,,,,,,,,,,,100.481,-146.209,,,,
"Blue Diamond Ventures, Inc. (OTCPK:BLDV)",4996765,IQ1442799,,,,,,,,,,,,,,,,,,,,,,,,,,,,,,,,,,,,,,,,,,,,,,,,,,,,,,,,,,,,,,,,,,,,,,,,,,,,,,,,,,,,,,,,,,,,,,,,,,,,,,,,,,,,,,,,,,,0.9741171378,0.0001,0.0004,0.0001,1,,,0,,,,,,,,,,,,,,,,,,,,,,,,,,,,,,,
Public Company Management Corp. (OTCPK:PCMC),4996826,IQ10930337,,,,,,,267.642,256.744,267.642,256.744,267.642,273.978,474.803,480.928,474.803,480.928,474.803,919.678,177.402,187.318,177.402,187.318,177.402,335.676,267.642,256.744,267.642,256.744,267.642,273.978,474.803,480.928,474.803,480.928,474.803,919.678,350,350,350,350,350,350,-207.161,-224.184,-207.161,-224.184,-207.161,-645.7,0.564,0.534,0.564,0.534,0.564,0.298,0.564,0.534,0.564,0.534,0.564,0.298,234.405,71.555,234.405,71.555,234.405,273.978,-5736.177,-5753.2,-5736.177,-5753.2,-5736.177,-5699.716,-93.554,-16.35,-93.554,-16.35,-28.073,-23.239,,,,,,,33.237,165.189,33.237,165.189,33.237,,,,,,,,-103.817,-17.023,-103.817,-17.023,-30.461,-25.864,,,,,,,-207.161,-224.184,-207.161,-224.184,-207.161,-645.7,8.603480816,,0.679,0.05,,,,,,,,,,,,,,,,,"L J Soldinger Associates, LLC",,"L J Soldinger Associates, LLC",,"L J Soldinger Associates, LLC",,,,,,,,,,,,,,
"ABV Consulting, Inc. (OTCPK:ABVN)",4996878,IQ263853406,,,,,,,3.428,3.511,,,,,345.132,363.449,,,,,10068.028,10351.723,,,,,3.428,3.511,,,,,345.132,363.449,,,,,0,329.093,,,,,-341.704,-359.938,,,,,0.01,0.01,,,,,0.01,0.01,,,,,3.428,3.511,,,,,-501.694,-519.928,,,,,-36.756,-16.453,,,,,,,,,,,,,,,,,,,,,,,-36.756,-16.453,,,,,,,,,,,-341.704,-359.938,,,,,100.783,,2.47,0.101,,,,,,,,,,,,,,,,,Olayinka Oyebola & Co,,,,,,,,,,,,,,,,,,
"Balance Labs, Inc. (OTCPK:BLNC)",4996881,IQ285772305,6,6,6,,6,,397.506,397.506,397.506,,397.506,53.14,3773.845,3773.845,3773.845,,3773.845,8728.825,949.381,949.381,949.381,,949.381,16426.091,397.506,397.506,397.506,,397.506,53.14,3773.845,3773.845,3773.845,,3773.845,8728.825,543,543,543,,543,2620.9,-3376.339,-3376.339,-3376.339,,-3376.339,-8675.685,0.105,0.105,0.105,,0.105,0.006,0.105,0.105,0.105,,0.105,0.006,358.975,358.975,358.975,,358.975,4.512,-37651.646,-37651.646,-37651.646,,-37651.646,-9630.533,-13105.607,-12736.375,-13105.607,,-12736.375,-211.134,,,,,,,,,,,,,,,,,,,-31768.325,-28021.113,-31768.325,,-28021.113,-3594.664,-12887.767,-12608.653,-12887.767,,-12608.653,-182.839,-3376.339,-3376.339,-3376.339,,-3376.339,-8675.685,72.62109445,,6.04,0.15,1,,,0,5,5,5,,5,,,,,,,,"M & K CPAS, PLLC","M & K CPAS, PLLC","M & K CPAS, PLLC",,"M & K CPAS, PLLC",,,,,,,,,,,,,,
"Small Business Development Group, Inc. (OTCPK:SBDG)",5000627,IQ27348212,,,,,,,13611.135,13611.135,,,,,13934.354,13934.354,,,,,102.375,102.375,,,,,6.289,6.289,,,,,13934.354,13934.354,,,,,13888.354,13888.354,,,,,-323.218,-323.218,,,,,0,0,,,,,0,0,,,,,5.468,5.468,,,,,-899.505,-899.505,,,,,-200.235,-39.016,,,,,,,,,,,,,,,,,,,,,,,-537.261,-371.508,,,,,-0.999,-0.999,,,,,-13928.065,-13928.065,,,,,5.418322944,,1.55,0.170017,,,,,3,3,,,,,,,,,,,,,,,,,,,,,,,,-195.624,-37.863,,,,
"Flywheel Advanced Technology, Inc. (OTCPK:FWFW)",5001347,IQ237657749,,,,,,,5.825,7.254,5.825,7.254,5.825,5430.395,936.737,984.163,936.737,984.163,936.737,898.674,16081.322,13567.177,16081.322,13567.177,16081.322,16.549,5.825,7.254,5.825,7.254,5.825,7.895,936.737,984.163,936.737,984.163,936.737,898.674,906.342,952.627,906.342,952.627,906.342,880.025,-930.912,-976.909,-930.912,-976.909,-930.912,4531.721,0.006,0.007,0.006,0.007,0.006,0.009,,0.004,,0.004,,,,3.5,,3.5,,,-10066.481,-10112.478,-10066.481,-10112.478,-10066.481,-4603.848,-110.646,-45.997,-110.646,-45.997,-40.133,-25.261,,,,,,,,,,,,,,,,,,,-5533.146,-45.997,-5533.146,-45.997,-5462.633,-25.261,,,,,,,-930.912,-976.909,-930.912,-976.909,-930.912,-890.779,2.988707564,,0.8395,0.0153,,,,,,,,,,,,,,,,,BCRG Group,,BCRG Group,,BCRG Group,,,,,,,,,-55.214,,-55.214,,-26.275,-11.403
"LegalZoom.com, Inc. (NASDAQGS:LZ)",5077131,IQ11677383,756043,190266,756043,,190266,190158,511522,511522,511522,,511522,551104,339640,339640,339640,,339640,349183,66.398,66.398,66.398,,66.398,63.361,241923,241923,241923,,241923,276478,318519,318519,318519,,318519,327353,14364,14364,14364,,14364,14676,171882,171882,171882,,171882,201921,0.76,0.76,0.76,,0.76,0.845,0.712,0.712,0.712,,0.712,0.81,203100,203100,203100,,203100,237154,-1134414,-1134414,-1134414,,-1134414,-1097928,12993,12574,12993,,12574,6581,,,,,,,23840,23840,23840,,23840,28139,,,,,,,15427,6057,15427,,6057,4509,498083,128535,498083,,128535,127887,-76596,-76596,-76596,,-76596,-50875,1173.80716075,6.7,12.4,5.28,1066,,,0,1196,1196,1196,,1196,,,,,,,,PricewaterhouseCoopers LLP,PricewaterhouseCoopers LLP,PricewaterhouseCoopers LLP,,PricewaterhouseCoopers LLP,,,,,NR,2021-09-16 13:29:00,NR,2021-09-16 13:29:00,22616,23579,22616,,23579,17954
"ZipRecruiter, Inc. (NYSE:ZIP)",5283181,IQ270999467,448952,111673,448952,,111673,114982,569743,569743,569743,,569743,573552,646944,646944,646944,,646944,649700,113.55,113.55,113.55,,113.55,113.277,448851,448851,448851,,448851,449780,70896,70896,70896,,70896,75311,557681,557681,557681,,557681,558248,-77201,-77201,-77201,,-77201,-76148,6.331,6.331,6.331,,6.331,5.972,6.133,6.133,6.133,,6.133,5.787,188028,188028,188028,,188028,211809,-76590,-76590,-76590,,-76590,-75573,-18158,4300,-18158,,4300,-4727,,,,,,,25666,25666,25666,,25666,24871,,,,,,,-32994,-835,-32994,,-835,-9822,400680,99534,400680,,99534,102467,377955,377955,377955,,377955,374469,240.4915225,3.05,6.55,1.65,1115,,,0,800,800,800,,800,,,,,,,,PricewaterhouseCoopers LLP,PricewaterhouseCoopers LLP,PricewaterhouseCoopers LLP,,PricewaterhouseCoopers LLP,,,,,B,2025-03-05 16:03:06,Negative,2025-03-05 16:03:06,-14596,5190.5,-14596,,5190.5,-1511
"Cardlytics, Inc. (NASDAQGM:CDLX)",5984604,IQ61344787,233273,56095,233273,,56095,52031,285641,285641,285641,,285641,292807,292149,292149,292149,,292149,297511,102.278,102.278,102.278,,102.278,101.607,137279,137279,137279,,137279,140710,78390,78390,78390,,78390,123703,215314,215314,215314,,215314,221433,-6508,-6508,-6508,,-6508,-4704,1.751,1.751,1.751,,1.751,1.137,1.709,1.709,1.709,,1.709,1.094,48719,48719,48719,,48719,43961,-1404064,-1404064,-1404064,,-1404064,-1395814,-47141,-5534,-47141,,-5534,-9691,,,,,,,85256,85256,85256,,85256,91404,,,,,,,-103488,-8250,-103488,,-8250,-72673,104613,25890,104613,,25890,24300,58889,58889,58889,,58889,17007,48.4732380618,0.88,3.28,0.6636,329,,,-7,275,275,275,,275,367,,,,,,,Deloitte & Touche LLP,Deloitte & Touche LLP,Deloitte & Touche LLP,,Deloitte & Touche LLP,,,,,,,,,-21897,671,-21897,,671,-3218
"Global Resource Energy, Inc. (OTCEM:GBEN)",6675690,IQ53409501,,,,,,,1.415,,,,,,326.656,368.179,,,,,23085.23,,,,,,1.415,,,,,,326.656,368.179,,,,,78.565,102.742,,,,,-325.241,-368.179,,,,,0.004,,,,,,,,,,,,,,,,,,-1360.741,-1403.679,,,,,-24.62,-19.91,,,,,,,,,,,,,,,,,,,,,,,-684.62,-19.91,,,,,,,,,,,-325.241,-368.179,,,,,7.81475e-05,,1e-06,1e-06,,,,,,,,,,,,,,,,,"George Stewart, CPA",,,,,,,,,,,,,162.88,,,,,
"GEX Management, Inc. (OTCPK:GXXM.D)",6676177,IQ381762775,2095.545,367.187,,,,,499.16,499.16,,,,,4688.364,4688.364,,,,,939.251,939.251,,,,,499.16,499.16,,,,,4688.364,4688.364,,,,,2365.172,2365.172,,,,,-4189.204,-4189.204,,,,,0.106,0.106,,,,,0.106,0.106,,,,,18.173,18.173,,,,,-17500.1,-17500.1,,,,,-80.768,-316.816,,,,,,,,,,,480.987,480.987,,,,,,,,,,,400.287,407.75,,,,,728.871,-29.528,,,,,-4189.204,-4189.204,,,,,0.25053,1,2,0.01,15,,,0,25,25,,,,,,,,,,,B F Borgers CPA PC,B F Borgers CPA PC,,,,,,,,,,,,,,,,,
"Initio, Inc.",6991878,IQ359912,56.23,17.03,,,,,6582.493,4230.262,,,,,9.359,7.374,,,,,0.142,0.174,,,,,18.395,1659.21,,,,,9.359,7.374,,,,,0,0,,,,,6573.134,4222.888,,,,,1.965,225.008,,,,,1.965,203.988,,,,,18.395,1504.21,,,,,-4709.428,-5320.733,,,,,-156.161,-41.838,,,,,,,,,,,,155,,,,,,,,,,,204.167,180.832,,,,,56.23,17.03,,,,,9.036,1651.836,,,,,,,,,,,,,,,,,,,,,,,,,"Rogoff & Company, PC","Rogoff & Company, PC",,,,,,,,,,,,,-41.299,,,,
SUPA Consolidated Inc. (OTCPK:SFCX),7167371,IQ277812697,,,,,,,5150.775,5166.035,5150.775,5166.035,5150.775,5186.232,1112.845,1314.173,1112.845,1314.173,1112.845,1022.186,21.605,25.439,21.605,25.439,21.605,19.71,25.775,41.035,25.775,41.035,25.775,61.232,1112.845,1314.173,1112.845,1314.173,1112.845,1022.186,368.225,368.225,368.225,368.225,368.225,615.425,4037.93,3851.862,4037.93,3851.862,4037.93,4164.046,0.023,0.031,0.023,0.031,0.023,0.06,0.016,0.014,0.016,0.014,0.016,0.052,17.675,18.935,17.675,18.935,17.675,53.132,-3092.223,-3278.291,-3092.223,-3278.291,-3092.223,-2966.107,-406.982,-170.052,-406.982,-170.052,-110.1,-127.45,,,,,,,,,,,,,,,,,,,-293.069,-186.068,-293.069,-186.068,-126.116,-143.998,,,,,,,-1087.07,-1273.138,-1087.07,-1273.138,-1087.07,-960.954,23.26684,0.08,0.51,0.0002,,,,,,,,,,,,,,,,,LAO Professionals,,LAO Professionals,,LAO Professionals,,,,,,,,,,,,,,
"Nixxy, Inc. (NASDAQCM:NIXX)",7415732,IQ8401719,97906,,97906,,,31914.932,13181,13181,13181,,13181,16083.914,5205,5205,5205,,5205,5486.536,39.489,39.489,39.489,,39.489,34.112,1964,1964,1964,,1964,1271.02,5205,5205,5205,,5205,5486.536,831,831,831,,831,200,7976,7976,7976,,7976,10597.378,0.377,0.377,0.377,,0.377,0.232,0.357,0.357,0.357,,0.357,0.219,182,182,182,,182,122.496,-113798,-113798,-113798,,-113798,-109901.861,-10007,,-10007,,,-2162.449,,,,,,,1331,1331,1331,,1331,1047.956,,,,,,,-14983,,-14983,,,-2162.963,36,,36,,,103.043,-3241,-3241,-3241,,-3241,-4215.516,17.0175271728,0.6,2.47,0.4739,,,,,2,2,2,,2,,,,,,,,"Salberg & Company, P.A.","Salberg & Company, P.A.","Salberg & Company, P.A.",,"Salberg & Company, P.A.",,,,,,,,,-8059,,-8059,,,-1413.944
"HireQuest, Inc. (NASDAQCM:HQI)",7456728,IQ26685404,30640,7032,30640,,7032,8497,88227,88227,88227,,88227,94942,19906,19906,19906,,19906,27115,22.562,22.562,22.562,,22.562,28.56,48346,48346,48346,,48346,53872,15348,15348,15348,,15348,22413,0,0,0,,0,2203,68321,68321,68321,,68321,67827,3.15,3.15,3.15,,3.15,2.404,2.813,2.813,2.813,,2.813,2.143,3895,3895,3895,,3895,1102,31231,31231,31231,,31231,30849,6956,1756,6956,,1756,2675,,,,,,,40354,40354,40354,,40354,48301,,,,,,,6330,1603,6330,,1603,2304,30640,7032,30640,,7032,8497,32998,32998,32998,,32998,31459,161.77561979,11.1,12.48,7.38,275,,,0,88,88,88,,88,,,,,,,,"Forvis Mazars, LLP","Forvis Mazars, LLP","Forvis Mazars, LLP",,"Forvis Mazars, LLP",,,,,,,,,9964,2543,9964,,2543,3427
Upwork Inc. (NASDAQGS:UPWK),8394782,IQ425007667,787784,198409,787784,,198409,201730,1299580,1299580,1299580,,1299580,1311209,669265,669265,669265,,669265,683083,51.499,51.499,51.499,,51.499,52.096,950833,950833,950833,,950833,948951,650168,650168,650168,,650168,660476,371149,371149,371149,,371149,371101,630315,630315,630315,,630315,628126,1.462,1.462,1.462,,1.462,1.437,1.152,1.152,1.152,,1.152,1.089,294356,294356,294356,,294356,260838,36949,36949,36949,,36949,21315,133707,28294,133707,,28294,31658,,,,,,,76236,76236,76236,,76236,76433,,,,,,,115425,15634,115425,,15634,29335,613032,154738,613032,,154738,155887,300665,300665,300665,,300665,288475,1298.34067528,10.5,22.8399,10.1528,163631,,,-1,630,630,630,,630,,,,,,,,PricewaterhouseCoopers LLP,PricewaterhouseCoopers LLP,PricewaterhouseCoopers LLP,,PricewaterhouseCoopers LLP,,,,,,,,,145417,31518,145417,,31518,35804
Hoops Scouting USA (OTCPK:HSCT),9070182,IQ542148515,,,,,,,76.889,76.967,76.889,76.982,76.889,76.889,253.676,286.775,253.676,265.237,253.676,252.354,329.925,372.595,329.925,344.544,329.925,328.206,76.889,76.967,76.889,76.982,76.889,76.889,237.676,270.775,237.676,249.237,237.676,236.354,250.944,280.485,250.944,261.807,250.944,246.907,-176.787,-209.808,-176.787,-188.255,-176.787,-175.465,0.324,0.284,0.324,0.309,0.324,0.325,0,0,0,0,0,0,0.02,0.098,0.02,0.113,0.02,0.02,-311.837,-344.858,-311.837,-323.305,-311.837,-310.515,-12.691,-18.794,-12.691,-8.573,-0.092,-8.428,,,,,,,,,,,,,,,,,,,-20.118,-21.553,-20.118,-11.468,-1.322,-9.757,,,,,,,-160.787,-193.808,-160.787,-172.255,-160.787,-159.465,39.4875,,0.39,0.02,0,,,,,,,,,,,,,,,,Boladale lawal & Co,,Boladale lawal & Co,,Boladale lawal & Co,,,,,,,,,,,,,,
"MJ Holdings, Inc.",9174643,IQ543713934,362.313,23.336,,,,,5130.58,4464.669,,,,,4756.028,3057.425,,,,,92.7,68.48,,,,,1625.627,767.763,,,,,4157.432,2202.659,,,,,1755.273,1367.801,,,,,374.552,1407.244,,,,,0.391,0.349,,,,,0.325,0.208,,,,,1340.509,392.971,,,,,-21852.87,-20820.178,,,,,-3424.292,-417.944,,,,,,,,,,,222.618,369.489,,,,,,,,,,,-5380.241,665.172,,,,,362.313,23.336,,,,,-2531.805,-1434.896,,,,,0.0116544334,,,,9,,,0,11,,,,,,,,,,,,"Sadler, Gibb and Associates, LLC",,,,,,,,,,,,,-3193.676,-360.439,,,,
